Study,Doi,Nanoparticle,NP type,Shape,Nominal Size (nm),Mean Hydrodynamic size (nm),Zeta Potential  (mV),Coating,Coating type,Incubation Time,Concentration,Ionic strength (mol/L),Medium type,Medium,Temperature (oC),FBS (%),Penicillin/Streptomycin (Yes/No),Sonication (Yes/No),Cell line,Cell category,Cell species,Cell tissue,Cell morphology,Method,Method category,Imputation (Yes/No),Imputed variables,Cell uptake
"4.Soenen et al., 2012",10.1002/ppsc.201300357,Au,Metal,spherical,5.217221649,21.7,-7.6,mPEG-PMA,other,24,50,0.1684829,DMEM,DMEM,37,10,1,0,PC12,cancer,rat,adrenal gland,neural,ICP-MS,MS,Yes,Nominal Size (nm),240000
"4.Soenen et al., 2012",10.1002/ppsc.201300357,Au,Metal,spherical,6.049749834,21.7,-7.6,mPEG-PMA,other,24,100,0.1684829,DMEM,DMEM,37,10,1,0,PC12,cancer,rat,adrenal gland,neural,ICP-MS,MS,Yes,Nominal Size (nm),390000
"4.Soenen et al., 2012",10.1002/ppsc.201300357,Au,Metal,spherical,5.217221649,21.7,-7.6,mPEG-PMA,other,24,200,0.1684829,DMEM,DMEM,37,10,1,0,PC12,cancer,rat,adrenal gland,neural,ICP-MS,MS,Yes,Nominal Size (nm),690000
"4.Soenen et al., 2012",10.1002/ppsc.201300357,Au,Metal,spherical,5.217221649,21.7,-7.6,mPEG-PMA,other,24,400,0.1684829,DMEM,DMEM,37,10,1,0,PC12,cancer,rat,adrenal gland,neural,ICP-MS,MS,Yes,Nominal Size (nm),1220000
"4.Soenen et al., 2012",10.1002/ppsc.201300357,Au,Metal,spherical,5.194469446,21.7,-7.6,mPEG-PMA,other,24,800,0.1684829,DMEM,DMEM,37,10,1,0,PC12,cancer,rat,adrenal gland,neural,ICP-MS,MS,Yes,Nominal Size (nm),1960000
"4.Soenen et al., 2012",10.1002/ppsc.201300357,Au,Metal,spherical,5.686352843,21.7,-7.6,mPEG-PMA,other,24,50,0.1684829,DMEM,DMEM,37,10,1,0,HUVEC,primary,human,umbilical vein,endothelial,ICP-MS,MS,Yes,Nominal Size (nm),520000
"4.Soenen et al., 2012",10.1002/ppsc.201300357,Au,Metal,spherical,5.230833013,21.7,-7.6,mPEG-PMA,other,24,100,0.1684829,DMEM,DMEM,37,10,1,0,HUVEC,primary,human,umbilical vein,endothelial,ICP-MS,MS,Yes,Nominal Size (nm),920000
"4.Soenen et al., 2012",10.1002/ppsc.201300357,Au,Metal,spherical,5.217221649,21.7,-7.6,mPEG-PMA,other,24,200,0.1684829,DMEM,DMEM,37,10,1,0,HUVEC,primary,human,umbilical vein,endothelial,ICP-MS,MS,Yes,Nominal Size (nm),1670000
"4.Soenen et al., 2012",10.1002/ppsc.201300357,Au,Metal,spherical,5.04020461,21.7,-7.6,mPEG-PMA,other,24,400,0.1684829,DMEM,DMEM,37,10,1,0,HUVEC,primary,human,umbilical vein,endothelial,ICP-MS,MS,Yes,Nominal Size (nm),2740000
"4.Soenen et al., 2012",10.1002/ppsc.201300357,Au,Metal,spherical,4.968573037,21.7,-7.6,mPEG-PMA,other,24,800,0.1684829,DMEM,DMEM,37,10,1,0,HUVEC,primary,human,umbilical vein,endothelial,ICP-MS,MS,Yes,Nominal Size (nm),4640000
"4.Soenen et al., 2012",10.1002/ppsc.201300357,Au,Metal,spherical,9.579130239,21.7,-7.6,mPEG-PMA,other,24,50,0.1684829,DMEM,DMEM,37,10,1,0,C17.2,immortalized,mouse,brain,neural,ICP-MS,MS,Yes,Nominal Size (nm),290000
"4.Soenen et al., 2012",10.1002/ppsc.201300357,Au,Metal,spherical,5.474054497,21.7,-7.6,mPEG-PMA,other,24,100,0.1684829,DMEM,DMEM,37,10,1,0,C17.2,immortalized,mouse,brain,neural,ICP-MS,MS,Yes,Nominal Size (nm),450000
"4.Soenen et al., 2012",10.1002/ppsc.201300357,Au,Metal,spherical,5.217221649,21.7,-7.6,mPEG-PMA,other,24,200,0.1684829,DMEM,DMEM,37,10,1,0,C17.2,immortalized,mouse,brain,neural,ICP-MS,MS,Yes,Nominal Size (nm),780000
"4.Soenen et al., 2012",10.1002/ppsc.201300357,Au,Metal,spherical,5.217221649,21.7,-7.6,mPEG-PMA,other,24,400,0.1684829,DMEM,DMEM,37,10,1,0,C17.2,immortalized,mouse,brain,neural,ICP-MS,MS,Yes,Nominal Size (nm),1330000
"4.Soenen et al., 2012",10.1002/ppsc.201300357,Au,Metal,spherical,5.194469446,21.7,-7.6,mPEG-PMA,other,24,800,0.1684829,DMEM,DMEM,37,10,1,0,C17.2,immortalized,mouse,brain,neural,ICP-MS,MS,Yes,Nominal Size (nm),2290000
"5.Zhang et al., 2023",10.1016/j.scitotenv.2023.164033,Fe3O4@PS,Metal,spherical,169.1399843,235,-26.03811137,No,No,24,0,0.1684829,DMEM,DMEM,37,10,0,1,Mouse macrophages,cancer,mouse,ascites,macrophage,ICP,MS,Yes,Nominal Size (nm)-Zeta Potential (mV),0
"5.Zhang et al., 2023",10.1016/j.scitotenv.2023.164033,Fe3O4@PS,Metal,spherical,211.6058658,235,-28.9254931,No,No,24,0.000472679,0.1684829,DMEM,DMEM,37,10,0,1,Mouse macrophages,cancer,mouse,ascites,macrophage,ICP,MS,Yes,Nominal Size (nm)-Zeta Potential (mV),3586.557459
"5.Zhang et al., 2023",10.1016/j.scitotenv.2023.164033,Fe3O4@PS,Metal,spherical,206.7775206,235,-30.90627272,No,No,24,0.001181698,0.1684829,DMEM,DMEM,37,10,0,1,Mouse macrophages,cancer,mouse,ascites,macrophage,ICP,MS,Yes,Nominal Size (nm)-Zeta Potential (mV),8852.53468
"5.Zhang et al., 2023",10.1016/j.scitotenv.2023.164033,Fe3O4@PS,Metal,spherical,194.0533539,235,-38.40089369,No,No,24,0.002363396,0.1684829,DMEM,DMEM,37,10,0,1,Mouse macrophages,cancer,mouse,ascites,macrophage,ICP,MS,Yes,Nominal Size (nm)-Zeta Potential (mV),15854.86115
"5.Zhang et al., 2023",10.1016/j.scitotenv.2023.164033,Fe3O4@PS,Metal,spherical,156.525846,235,-43.52009394,No,No,24,0.003545094,0.1684829,DMEM,DMEM,37,10,0,1,Mouse macrophages,cancer,mouse,ascites,macrophage,ICP,MS,Yes,Nominal Size (nm)-Zeta Potential (mV),20893.12044
"5.Zhang et al., 2023",10.1016/j.scitotenv.2023.164033,Fe3O4@PS,Metal,spherical,159.3643911,235,-43.22380973,No,No,24,0.004726792,0.1684829,DMEM,DMEM,37,10,0,1,Mouse macrophages,cancer,mouse,ascites,macrophage,ICP,MS,Yes,Nominal Size (nm)-Zeta Potential (mV),27440.01103
"5.Zhang et al., 2023",10.1016/j.scitotenv.2023.164033,Fe3O4@PS,Metal,spherical,169.1399843,235,-26.03811137,No,No,24,0,0.1684829,DMEM,DMEM,37,10,0,1,Mouse macrophages,cancer,mouse,ascites,macrophage,MRI,Magnetic,Yes,Nominal Size (nm)-Zeta Potential (mV),0
"5.Zhang et al., 2023",10.1016/j.scitotenv.2023.164033,Fe3O4@PS,Metal,spherical,211.6058658,235,-28.9254931,No,No,24,0.000472679,0.1684829,DMEM,DMEM,37,10,0,1,Mouse macrophages,cancer,mouse,ascites,macrophage,MRI,Magnetic,Yes,Nominal Size (nm)-Zeta Potential (mV),3273.4453
"5.Zhang et al., 2023",10.1016/j.scitotenv.2023.164033,Fe3O4@PS,Metal,spherical,206.7775206,235,-30.59812234,No,No,24,0.001181698,0.1684829,DMEM,DMEM,37,10,0,1,Mouse macrophages,cancer,mouse,ascites,macrophage,MRI,Magnetic,Yes,Nominal Size (nm)-Zeta Potential (mV),7884.733461
"5.Zhang et al., 2023",10.1016/j.scitotenv.2023.164033,Fe3O4@PS,Metal,spherical,194.5533539,235,-37.70713216,No,No,24,0.002363396,0.1684829,DMEM,DMEM,37,10,0,1,Mouse macrophages,cancer,mouse,ascites,macrophage,MRI,Magnetic,Yes,Nominal Size (nm)-Zeta Potential (mV),14403.15932
"5.Zhang et al., 2023",10.1016/j.scitotenv.2023.164033,Fe3O4@PS,Metal,spherical,156.525846,235,-42.81942894,No,No,24,0.003545094,0.1684829,DMEM,DMEM,37,10,0,1,Mouse macrophages,cancer,mouse,ascites,macrophage,MRI,Magnetic,Yes,Nominal Size (nm)-Zeta Potential (mV),18843.65903
"5.Zhang et al., 2023",10.1016/j.scitotenv.2023.164033,Fe3O4@PS,Metal,spherical,159.3643911,235,-43.22380973,No,No,24,0.004726792,0.1684829,DMEM,DMEM,37,10,0,1,Mouse macrophages,cancer,mouse,ascites,macrophage,MRI,Magnetic,Yes,Nominal Size (nm)-Zeta Potential (mV),24821.25479
"9.Coradeghini et al., 2013",10.1016/j.toxlet.2012.11.022,Au,Metal,spherical,5,7.1,-26,No,No,24,300000,0.1575791,MEM,MEM,37,10,1,0,Balb/3T3,immortalized,mouse,embryo,fibroblast,ICP-MS,MS,No,No,7420000
"9.Coradeghini et al., 2013",10.1016/j.toxlet.2012.11.022,Au,Metal,spherical,15,17,-30,No,No,24,300000,0.1575791,MEM,MEM,37,10,1,0,Balb/3T3,immortalized,mouse,embryo,fibroblast,ICP-MS,MS,No,No,810000
"11.Russell et al., 2021",10.1186/s13014-021-01829-y,SPION,Metal,spherical,5,124,-40.03391377,citrate,carboxyl,24,0.039089799,0.1684829,DMEM,DMEM,37,10,1,0,H460,cancer,human,lung,epithelial,ICP-MS,MS,Yes,Zeta Potential (mV),1.292188979
"11.Russell et al., 2021",10.1186/s13014-021-01829-y,SPION,Metal,spherical,5,124,-40.03391377,citrate,carboxyl,24,0.039089799,0.1684829,DMEM,DMEM,37,10,1,0,DU145,cancer,human,brain,epithelial,ICP-MS,MS,Yes,Zeta Potential (mV),0.575975707
"11.Russell et al., 2021",10.1186/s13014-021-01829-y,SPION,Metal,spherical,5,124,-40.03391377,citrate,carboxyl,24,0.039089799,0.1684829,DMEM,DMEM,37,10,1,0,MCF7,cancer,human,breast,epithelial,ICP-MS,MS,Yes,Zeta Potential (mV),4.537686878
"11.Russell et al., 2021",10.1186/s13014-021-01829-y,SPION,Metal,spherical,5,124,-40.03391377,citrate,carboxyl,24,0.039089799,0.1684829,DMEM,DMEM,37,10,1,0,U87,cancer,human,brain,epithelial,ICP-MS,MS,Yes,Zeta Potential (mV),2.414089487
"11.Russell et al., 2021",10.1186/s13014-021-01829-y,SPION,Metal,spherical,5,124,-39.91391377,citrate,carboxyl,24,0.039089799,0.1684829,DMEM,DMEM,37,10,1,0,HEPG2,cancer,human,liver,epithelial,ICP-MS,MS,Yes,Zeta Potential (mV),12.12053228
"11.Russell et al., 2021",10.1186/s13014-021-01829-y,SPION,Metal,spherical,5,124,-40.03391377,citrate,carboxyl,24,0.039089799,0.1684829,DMEM,DMEM,37,10,1,0,MiaPaCa2,cancer,human,pancreas,epithelial,ICP-MS,MS,Yes,Zeta Potential (mV),0.257436099
"12.Fazlollahi et al., 2011",10.2147/IJN.S26051,CdSe/ZnS Qd,Semiconductor,spherical,5.3,25,-15.67,PEG-NH2,amine,24,1.466575786,0.159128,DMEM/F12,other,37,10,0,0,RAECM,primary,rat,lung,epithelial,Confocal scanning microscopy,Microscopy,No,No,464.9017084
"12.Fazlollahi et al., 2011",10.2147/IJN.S26051,CdSe/ZnS Qd,Semiconductor,spherical,5.3,25,-24.47,PEG-COO,carboxyl,24,1.466575786,0.159128,DMEM/F12,other,37,10,0,0,RAECM,primary,rat,lung,epithelial,Confocal scanning microscopy,Microscopy,No,No,569.469266
"12.Fazlollahi et al., 2011",10.2147/IJN.S26051,CdSe/ZnS Qd,Semiconductor,spherical,5.3,25,-31.53,PEG,other,24,1.466575786,0.159128,DMEM/F12,other,37,10,0,0,RAECM,primary,rat,lung,epithelial,Confocal scanning microscopy,Microscopy,No,No,585.0130921
"13.Peng et al., 2013",10.1016/j.biomaterials.2013.08.038,CdSe/ZnS Qd,Semiconductor,spherical,16,17.1,-8.1,PEG-NH2-525,amine,24,10,0.1684829,DMEM,DMEM,37,10,1,0,HEPG2,cancer,human,liver,epithelial,ICP-MS,MS,Yes,Nominal Size (nm),4727270
"13.Peng et al., 2013",10.1016/j.biomaterials.2013.08.038,CdSe/ZnS Qd,Semiconductor,spherical,16,17.1,-8.1,PEG-NH2-525,amine,24,20,0.1684829,DMEM,DMEM,37,10,1,0,HEPG2,cancer,human,liver,epithelial,ICP-MS,MS,Yes,Nominal Size (nm),6262880
"13.Peng et al., 2013",10.1016/j.biomaterials.2013.08.038,CdSe/ZnS Qd,Semiconductor,spherical,16,17.1,-8.1,PEG-NH2-525,amine,24,30,0.1684829,DMEM,DMEM,37,10,1,0,HEPG2,cancer,human,liver,epithelial,ICP-MS,MS,Yes,Nominal Size (nm),7166180
"13.Peng et al., 2013",10.1016/j.biomaterials.2013.08.038,CdSe/ZnS Qd,Semiconductor,spherical,16,17.1,-8.1,PEG-NH2-525,amine,24,50,0.1684829,DMEM,DMEM,37,10,1,0,HEPG2,cancer,human,liver,epithelial,ICP-MS,MS,Yes,Nominal Size (nm),9635200
"13.Peng et al., 2013",10.1016/j.biomaterials.2013.08.038,CdSe/ZnS Qd,Semiconductor,spherical,16,17.1,-8.1,PEG-NH2-525,amine,24,80,0.1684829,DMEM,DMEM,37,10,1,0,HEPG2,cancer,human,liver,epithelial,ICP-MS,MS,Yes,Nominal Size (nm),15777640
"13.Peng et al., 2013",10.1016/j.biomaterials.2013.08.038,CdSe/ZnS Qd,Semiconductor,spherical,17,18.9,-7.3,PEG-NH2-585,amine,24,10,0.1684829,DMEM,DMEM,37,10,1,0,HEPG2,cancer,human,liver,epithelial,ICP-MS,MS,Yes,Nominal Size (nm),3607178
"13.Peng et al., 2013",10.1016/j.biomaterials.2013.08.038,CdSe/ZnS Qd,Semiconductor,spherical,17,18.9,-7.3,PEG-NH2-585,amine,24,20,0.1684829,DMEM,DMEM,37,10,1,0,HEPG2,cancer,human,liver,epithelial,ICP-MS,MS,Yes,Nominal Size (nm),5347536
"13.Peng et al., 2013",10.1016/j.biomaterials.2013.08.038,CdSe/ZnS Qd,Semiconductor,spherical,17,18.9,-7.3,PEG-NH2-585,amine,24,30,0.1684829,DMEM,DMEM,37,10,1,0,HEPG2,cancer,human,liver,epithelial,ICP-MS,MS,Yes,Nominal Size (nm),6804860
"13.Peng et al., 2013",10.1016/j.biomaterials.2013.08.038,CdSe/ZnS Qd,Semiconductor,spherical,17,18.9,-7.3,PEG-NH2-585,amine,24,50,0.1684829,DMEM,DMEM,37,10,1,0,HEPG2,cancer,human,liver,epithelial,ICP-MS,MS,Yes,Nominal Size (nm),8972780
"13.Peng et al., 2013",10.1016/j.biomaterials.2013.08.038,CdSe/ZnS Qd,Semiconductor,spherical,17,18.9,-7.3,PEG-NH2-585,amine,24,80,0.1684829,DMEM,DMEM,37,10,1,0,HEPG2,cancer,human,liver,epithelial,ICP-MS,MS,Yes,Nominal Size (nm),15055000
"13.Peng et al., 2013",10.1016/j.biomaterials.2013.08.038,CdSe/ZnS Qd,Semiconductor,spherical,20,22.8,-7.9,PEG-NH2-625,amine,24,10,0.1684829,DMEM,DMEM,37,10,1,0,HEPG2,cancer,human,liver,epithelial,ICP-MS,MS,Yes,Nominal Size (nm),2402778
"13.Peng et al., 2013",10.1016/j.biomaterials.2013.08.038,CdSe/ZnS Qd,Semiconductor,spherical,20,22.8,-7.9,PEG-NH2-625,amine,24,20,0.1684829,DMEM,DMEM,37,10,1,0,HEPG2,cancer,human,liver,epithelial,ICP-MS,MS,Yes,Nominal Size (nm),2818296
"13.Peng et al., 2013",10.1016/j.biomaterials.2013.08.038,CdSe/ZnS Qd,Semiconductor,spherical,20,22.8,-7.9,PEG-NH2-625,amine,24,30,0.1684829,DMEM,DMEM,37,10,1,0,HEPG2,cancer,human,liver,epithelial,ICP-MS,MS,Yes,Nominal Size (nm),3023044
"13.Peng et al., 2013",10.1016/j.biomaterials.2013.08.038,CdSe/ZnS Qd,Semiconductor,spherical,20,22.8,-7.9,PEG-NH2-625,amine,24,50,0.1684829,DMEM,DMEM,37,10,1,0,HEPG2,cancer,human,liver,epithelial,ICP-MS,MS,Yes,Nominal Size (nm),3727618
"13.Peng et al., 2013",10.1016/j.biomaterials.2013.08.038,CdSe/ZnS Qd,Semiconductor,spherical,20,22.8,-7.9,PEG-NH2-625,amine,24,80,0.1684829,DMEM,DMEM,37,10,1,0,HEPG2,cancer,human,liver,epithelial,ICP-MS,MS,Yes,Nominal Size (nm),4311752
"13.Peng et al., 2013",10.1016/j.biomaterials.2013.08.038,CdSe/ZnS Qd,Semiconductor,spherical,15,16.7,-11.4,PEG-COOH-525,carboxyl,24,10,0.1684829,DMEM,DMEM,37,10,1,0,HEPG2,cancer,human,liver,epithelial,ICP-MS,MS,Yes,Nominal Size (nm),1162246
"13.Peng et al., 2013",10.1016/j.biomaterials.2013.08.038,CdSe/ZnS Qd,Semiconductor,spherical,15,16.7,-11.4,PEG-COOH-525,carboxyl,24,20,0.1684829,DMEM,DMEM,37,10,1,0,HEPG2,cancer,human,liver,epithelial,ICP-MS,MS,Yes,Nominal Size (nm),1366994
"13.Peng et al., 2013",10.1016/j.biomaterials.2013.08.038,CdSe/ZnS Qd,Semiconductor,spherical,15,16.7,-11.4,PEG-COOH-525,carboxyl,24,30,0.1684829,DMEM,DMEM,37,10,1,0,HEPG2,cancer,human,liver,epithelial,ICP-MS,MS,Yes,Nominal Size (nm),1945106
"13.Peng et al., 2013",10.1016/j.biomaterials.2013.08.038,CdSe/ZnS Qd,Semiconductor,spherical,15,16.7,-11.4,PEG-COOH-525,carboxyl,24,50,0.1684829,DMEM,DMEM,37,10,1,0,HEPG2,cancer,human,liver,epithelial,ICP-MS,MS,Yes,Nominal Size (nm),2529240
"13.Peng et al., 2013",10.1016/j.biomaterials.2013.08.038,CdSe/ZnS Qd,Semiconductor,spherical,15,16.7,-11.4,PEG-COOH-525,carboxyl,24,80,0.1684829,DMEM,DMEM,37,10,1,0,HEPG2,cancer,human,liver,epithelial,ICP-MS,MS,Yes,Nominal Size (nm),4022696
"15.Maurer-Jones et al., 2010",10.1021/nn9018834,SiO2,Silica,spherical,24,29.98372131,-28.16,No,No,24,10.42807679,0.1684829,DMEM,DMEM,37,10,1,0,MPMC,primary,mouse,peritoneal mast,other,ICP-AES,Optical,Yes,Mean Hydrodynamic size (nm),45000
"15.Maurer-Jones et al., 2010",10.1021/nn9018834,SiO2,Silica,spherical,24,29.98372131,-28.16,No,No,24,20.85615358,0.1684829,DMEM,DMEM,37,10,1,0,MPMC,primary,mouse,peritoneal mast,other,ICP-AES,Optical,Yes,Mean Hydrodynamic size (nm),11000000
"15.Maurer-Jones et al., 2010",10.1021/nn9018834,SiO2,Silica,spherical,25,31.9037519,-16.94,No,No,24,9.226094947,0.1684829,DMEM,DMEM,37,10,1,0,MPMC,primary,mouse,peritoneal mast,other,ICP-AES,Optical,Yes,Mean Hydrodynamic size (nm),200000
"15.Maurer-Jones et al., 2010",10.1021/nn9018834,SiO2,Silica,spherical,25,30.24003996,-16.94,No,No,24,18.45218989,0.1684829,DMEM,DMEM,37,10,1,0,MPMC,primary,mouse,peritoneal mast,other,ICP-AES,Optical,Yes,Mean Hydrodynamic size (nm),35000000
"15.Maurer-Jones et al., 2010",10.1021/nn9018834,TiO2,Silica,spherical,11,19.17094573,-13.58,No,No,24,58.11640135,0.1684829,DMEM,DMEM,37,10,1,0,MPMC,primary,mouse,peritoneal mast,other,ICP-AES,Optical,Yes,Mean Hydrodynamic size (nm),72000000
"15.Maurer-Jones et al., 2010",10.1021/nn9018834,TiO2,Silica,spherical,11,19.18900823,-13.58,No,No,24,116.2328027,0.1684829,DMEM,DMEM,37,10,1,0,MPMC,primary,mouse,peritoneal mast,other,ICP-AES,Optical,Yes,Mean Hydrodynamic size (nm),150000000
"16.Shahhoseini et al., 2019",10.3390/ijms20184488,Au,Metal,spherical,15,60.9005754,-39.04136635,thiol-based ligand,other,24,0,0.1575791,MEM/GlutaMAX,other,37,10,1,0,DU145,cancer,human,brain,epithelial,ICP-MS,MS,Yes,Mean Hydrodynamic size (nm)-Zeta Potential (mV),0
"16.Shahhoseini et al., 2019",10.3390/ijms20184488,Au,Metal,spherical,15,16.9655675,-4.068516395,thiol-based ligand,other,24,250000,0.1575791,MEM/GlutaMAX,other,37,10,1,0,DU145,cancer,human,brain,epithelial,ICP-MS,MS,Yes,Mean Hydrodynamic size (nm)-Zeta Potential (mV),483787.0464
"16.Shahhoseini et al., 2019",10.3390/ijms20184488,Au,Metal,spherical,15,16.58623831,-4.320466395,thiol-based ligand,other,24,1000000,0.1575791,MEM/GlutaMAX,other,37,10,1,0,DU145,cancer,human,brain,epithelial,ICP-MS,MS,Yes,Mean Hydrodynamic size (nm)-Zeta Potential (mV),1938080.228
"16.Shahhoseini et al., 2019",10.3390/ijms20184488,Au,Metal,spherical,15,16.57279799,-4.340466395,thiol-based ligand,other,24,4000000,0.1575791,MEM/GlutaMAX,other,37,10,1,0,DU145,cancer,human,brain,epithelial,ICP-MS,MS,Yes,Mean Hydrodynamic size (nm)-Zeta Potential (mV),2588993.709
"16.Shahhoseini et al., 2019",10.3390/ijms20184488,Au,Metal,spherical,15,60.9005754,-38.83771635,thiol-based ligand,other,24,0,0.159128,DMEM/F12,DMEM/F12,37,10,1,0,A549,cancer,human,lung,epithelial,ICP-MS,MS,Yes,Mean Hydrodynamic size (nm)-Zeta Potential (mV),0
"16.Shahhoseini et al., 2019",10.3390/ijms20184488,Au,Metal,spherical,15,17.0648175,-4.003978895,thiol-based ligand,other,24,250000,0.159128,DMEM/F12,DMEM/F12,37,10,1,0,A549,cancer,human,lung,epithelial,ICP-MS,MS,Yes,Mean Hydrodynamic size (nm)-Zeta Potential (mV),307864.484
"16.Shahhoseini et al., 2019",10.3390/ijms20184488,Au,Metal,spherical,15,16.63925019,-4.214666395,thiol-based ligand,other,24,1000000,0.159128,DMEM/F12,DMEM/F12,37,10,1,0,A549,cancer,human,lung,epithelial,ICP-MS,MS,Yes,Mean Hydrodynamic size (nm)-Zeta Potential (mV),1600895.317
"16.Shahhoseini et al., 2019",10.3390/ijms20184488,Au,Metal,spherical,15,16.57279799,-4.340466395,thiol-based ligand,other,24,4000000,0.159128,DMEM/F12,DMEM/F12,37,10,1,0,A549,cancer,human,lung,epithelial,ICP-MS,MS,Yes,Mean Hydrodynamic size (nm)-Zeta Potential (mV),2342702.121
"19.Jiang et al., 2015",10.3109/17435390.2014.907457,Ag,Metal,spherical,15.9,59.89739032,39.7,citrate,carboxyl,24,0.751343606,0.1497732,F12K,other,37,5,1,0,CHO-K1,immortalized,other,ovary,epithelial,ICP-MS,MS,Yes,Mean Hydrodynamic size (nm),67868867.96
"20.Wang et al., 2011",10.1021/nl103992v ,Au,Metal,rod,34.45,29.8,-14.5,CTAB,other,24,50000,0.1684829,DMEM,DMEM,37,10,1,0,MSC,primary,human,stem,fibroblast,ICP-MS,MS,No,No,24900
"20.Wang et al., 2011",10.1021/nl103992v ,Au,Metal,rod,34.45,29.8,-14.5,CTAB,other,24,50000,0.1684829,DMEM,DMEM,37,10,1,0,A549,cancer,human,lung,epithelial,ICP-MS,MS,No,No,14400
"20.Wang et al., 2011",10.1021/nl103992v ,Au,Metal,rod,34.45,29.8,-14.5,CTAB,other,24,50000,0.1516472,RPMI 1640,RPMI 1640,37,9.9,0,0,16HBE,immortalized,human,lung,epithelial,ICP-MS,MS,Yes,FBS (%),1070
"23.Wabler et al., 2014",10.3109/02656736.2014.913321,MNP,Metal,spherical,100,108,-23.72172608,Starch,other,24,0.066470886,0.1516472,RPMI 1640,RPMI 1640,37,10,0,0,DU145,cancer,human,brain,epithelial,ICP-MS,MS,Yes,Zeta Potential (mV)-Temperature (oC),43694.40568
"23.Wabler et al., 2014",10.3109/02656736.2014.913321,MNP,Metal,spherical,100,86,-26.0486532,Dextran,other,24,0.556963478,0.1516472,RPMI 1640,RPMI 1640,37,10,0,0,DU145,cancer,human,brain,epithelial,ICP-MS,MS,Yes,Zeta Potential (mV)-Temperature (oC),58078.51198
"23.Wabler et al., 2014",10.3109/02656736.2014.913321,MNP,Metal,spherical,100,82,-25.74936013,Dextran,other,24,0.309962735,0.1516472,RPMI 1640,RPMI 1640,37,10,0,0,DU145,cancer,human,brain,epithelial,ICP-MS,MS,Yes,Zeta Potential (mV)-Temperature (oC),110461.5474
"24.Trono et al., 2011",10.1269/jrr. 10068,Au,Metal,spherical,5,19.49292416,2.192981173,No,No,24,11800,0.1516472,RPMI 1640,RPMI 1640,37,10,0,0,PK-1,cancer,human,pancreas,epithelial,AAS,Optical,Yes,Mean Hydrodynamic size (nm)-Zeta Potential (mV),794904000
"24.Trono et al., 2011",10.1269/jrr. 10068,Au,Metal,spherical,5,19.49292416,2.192981173,No,No,24,11800,0.1516472,RPMI 1640,RPMI 1640,37,10,0,0,PK-45,cancer,human,pancreas,epithelial,AAS,Optical,Yes,Mean Hydrodynamic size (nm)-Zeta Potential (mV),1710248000
"24.Trono et al., 2011",10.1269/jrr. 10068,Au,Metal,spherical,5,19.49292416,2.192981173,No,No,24,11800,0.1516472,RPMI 1640,RPMI 1640,37,10,0,0,Panc-1,cancer,human,pancreas,epithelial,AAS,Optical,Yes,Mean Hydrodynamic size (nm)-Zeta Potential (mV),794904000
"24.Trono et al., 2011",10.1269/jrr. 10068,Au,Metal,spherical,10,21.21796954,9.922863149,No,No,24,11800,0.1516472,RPMI 1640,RPMI 1640,37,10,0,0,PK-1,cancer,human,pancreas,epithelial,AAS,Optical,Yes,Mean Hydrodynamic size (nm)-Zeta Potential (mV),1102026000
"24.Trono et al., 2011",10.1269/jrr. 10068,Au,Metal,spherical,10,21.21796954,9.922863149,No,No,24,11800,0.1516472,RPMI 1640,RPMI 1640,37,10,0,0,PK-45,cancer,human,pancreas,epithelial,AAS,Optical,Yes,Mean Hydrodynamic size (nm)-Zeta Potential (mV),2872494000
"24.Trono et al., 2011",10.1269/jrr. 10068,Au,Metal,spherical,10,21.21796954,9.922863149,No,No,24,11800,0.1516472,RPMI 1640,RPMI 1640,37,10,0,0,Panc-1,cancer,human,pancreas,epithelial,AAS,Optical,Yes,Mean Hydrodynamic size (nm)-Zeta Potential (mV),1102026000
"24.Trono et al., 2011",10.1269/jrr. 10068,Au,Metal,spherical,20,23.56828294,7.333312832,No,No,24,11800,0.1516472,RPMI 1640,RPMI 1640,37,10,0,0,PK-1,cancer,human,pancreas,epithelial,AAS,Optical,Yes,Mean Hydrodynamic size (nm)-Zeta Potential (mV),20836120000
"24.Trono et al., 2011",10.1269/jrr. 10068,Au,Metal,spherical,20,23.56828294,7.333312832,No,No,24,11800,0.1516472,RPMI 1640,RPMI 1640,37,10,0,0,PK-45,cancer,human,pancreas,epithelial,AAS,Optical,Yes,Mean Hydrodynamic size (nm)-Zeta Potential (mV),13730160000
"24.Trono et al., 2011",10.1269/jrr. 10068,Au,Metal,spherical,20,23.56828294,7.333312832,No,No,24,11800,0.1516472,RPMI 1640,RPMI 1640,37,10,0,0,Panc-1,cancer,human,pancreas,epithelial,AAS,Optical,Yes,Mean Hydrodynamic size (nm)-Zeta Potential (mV),17222920000
"24.Trono et al., 2011",10.1269/jrr. 10068,Au,Metal,spherical,30,31,13.45623972,No,No,24,11800,0.1516472,RPMI 1640,RPMI 1640,37,10,0,0,PK-1,cancer,human,pancreas,epithelial,AAS,Optical,Yes,Mean Hydrodynamic size (nm)-Zeta Potential (mV),1409148000
"24.Trono et al., 2011",10.1269/jrr. 10068,Au,Metal,spherical,30,31,13.45623972,No,No,24,11800,0.1516472,RPMI 1640,RPMI 1640,37,10,0,0,PK-45,cancer,human,pancreas,epithelial,AAS,Optical,Yes,Mean Hydrodynamic size (nm)-Zeta Potential (mV),8430800000
"24.Trono et al., 2011",10.1269/jrr. 10068,Au,Metal,spherical,30,31,13.45623972,No,No,24,11800,0.1516472,RPMI 1640,RPMI 1640,37,10,0,0,Panc-1,cancer,human,pancreas,epithelial,AAS,Optical,Yes,Mean Hydrodynamic size (nm)-Zeta Potential (mV),2137810000
"24.Trono et al., 2011",10.1269/jrr. 10068,Au,Metal,spherical,40,41,7.715825904,No,No,24,11800,0.1516472,RPMI 1640,RPMI 1640,37,10,0,0,PK-1,cancer,human,pancreas,epithelial,AAS,Optical,Yes,Mean Hydrodynamic size (nm)-Zeta Potential (mV),1342906000
"24.Trono et al., 2011",10.1269/jrr. 10068,Au,Metal,spherical,40,41,7.715825904,No,No,24,11800,0.1516472,RPMI 1640,RPMI 1640,37,10,0,0,PK-45,cancer,human,pancreas,epithelial,AAS,Optical,Yes,Mean Hydrodynamic size (nm)-Zeta Potential (mV),6684420000
"24.Trono et al., 2011",10.1269/jrr. 10068,Au,Metal,spherical,40,41,7.715825904,No,No,24,11800,0.1516472,RPMI 1640,RPMI 1640,37,10,0,0,Panc-1,cancer,human,pancreas,epithelial,AAS,Optical,Yes,Mean Hydrodynamic size (nm)-Zeta Potential (mV),2017370000
"24.Trono et al., 2011",10.1269/jrr. 10068,Au,Metal,spherical,50,51,10.16759629,No,No,24,11800,0.1516472,RPMI 1640,RPMI 1640,37,10,0,0,PK-1,cancer,human,pancreas,epithelial,AAS,Optical,Yes,Mean Hydrodynamic size (nm)-Zeta Potential (mV),1589808000
"24.Trono et al., 2011",10.1269/jrr. 10068,Au,Metal,spherical,50,51,10.16759629,No,No,24,11800,0.1516472,RPMI 1640,RPMI 1640,37,10,0,0,PK-45,cancer,human,pancreas,epithelial,AAS,Optical,Yes,Mean Hydrodynamic size (nm)-Zeta Potential (mV),4648984000
"24.Trono et al., 2011",10.1269/jrr. 10068,Au,Metal,spherical,50,51,10.16759629,No,No,24,11800,0.1516472,RPMI 1640,RPMI 1640,37,10,0,0,Panc-1,cancer,human,pancreas,epithelial,AAS,Optical,Yes,Mean Hydrodynamic size (nm)-Zeta Potential (mV),1770468000
"24.Trono et al., 2011",10.1269/jrr. 10068,Au,Metal,spherical,20,23.78606577,7.667412832,No,No,24,47200,0.1516472,RPMI 1640,RPMI 1640,37,10,0,0,PK-1,cancer,human,pancreas,epithelial,AAS,Optical,Yes,Mean Hydrodynamic size (nm)-Zeta Potential (mV),25653720000
"24.Trono et al., 2011",10.1269/jrr. 10068,Au,Metal,spherical,20,23.78606577,7.667412832,No,No,24,47200,0.1516472,RPMI 1640,RPMI 1640,37,10,0,0,PK-45,cancer,human,pancreas,epithelial,AAS,Optical,Yes,Mean Hydrodynamic size (nm)-Zeta Potential (mV),13368840000
"24.Trono et al., 2011",10.1269/jrr. 10068,Au,Metal,spherical,20,23.78606577,7.667412832,No,No,24,47200,0.1516472,RPMI 1640,RPMI 1640,37,10,0,0,Panc-1,cancer,human,pancreas,epithelial,AAS,Optical,Yes,Mean Hydrodynamic size (nm)-Zeta Potential (mV),17403580000
"26.Alaaldin et al., 2009",10.1002/smll.200801546,Au,Metal,rod,29.05593377,29.34132,-22.2846,CTAB,other,24,0.0033,0.1684829,DMEM,DMEM,37,10,1,0,HT-29,cancer,human,colon,epithelial,ICP-MS,MS,Yes,Nominal Size (nm),40.6
"26.Alaaldin et al., 2009",10.1002/smll.200801546,Au,Metal,rod,29.58908842,31.23752,-21.161,PAA,carboxyl,24,0.0033,0.1684829,DMEM,DMEM,37,10,1,0,HT-29,cancer,human,colon,epithelial,ICP-MS,MS,Yes,Nominal Size (nm),274
"26.Alaaldin et al., 2009",10.1002/smll.200801546,Au,Metal,rod,33.93171681,36.42715,-20.0375,PAH,amine,24,0.0033,0.1684829,DMEM,DMEM,37,10,1,0,HT-29,cancer,human,colon,epithelial,ICP-MS,MS,Yes,Nominal Size (nm),2330
"27.Kettler et al., 2016",10.1007/s11051-016-3493-z,Ag,Metal,spherical,20,24,-30.4,citrate,carboxyl,24,0.000218472,0.159128,DMEM/F12,DMEM/F12,37,5,1,0,16HBE14o,transformed,human,lung,epithelial,ICP-MS,MS,No,No,253
"27.Kettler et al., 2016",10.1007/s11051-016-3493-z,Ag,Metal,spherical,50,56,-53.6,citrate,carboxyl,24,1.72E-05,0.159128,DMEM/F12,DMEM/F12,37,0,1,0,16HBE14o,transformed,human,lung,epithelial,ICP-MS,MS,No,No,25.3
"30.Niikura et al., 2013",10.1021/nn3057005,Au,Metal,spherical,20,19,-24,PSS-MA-WNVE,other,24,0.239575561,0.1516472,RPMI 1640,RPMI 1640,37,10,0,0,BMDC,primary,mouse,bone marrow,fibroblast,ICP-AES,Optical,No,No,71600
"30.Niikura et al., 2013",10.1021/nn3057005,Au,Metal,spherical,40,43,-23,PSS-MA-WNVE,other,24,0.020667976,0.1516472,RPMI 1640,RPMI 1640,37,10,0,0,BMDC,primary,mouse,bone marrow,fibroblast,ICP-AES,Optical,No,No,7460
"30.Niikura et al., 2013",10.1021/nn3057005,Au,Metal,other,34.10573346,41,-11,PSS-MA-WNVE,other,24,0.023842498,0.1516472,RPMI 1640,RPMI 1640,37,10,0,0,BMDC,primary,mouse,bone marrow,fibroblast,ICP-AES,Optical,Yes,Nominal Size (nm),5970
"30.Niikura et al., 2013",10.1021/nn3057005,Au,Metal,rod,23,38.43399018,-9.9,PSS-MA-WNVE,other,24,0.135057843,0.1516472,RPMI 1640,RPMI 1640,37,10,0,0,BMDC,primary,mouse,bone marrow,fibroblast,ICP-AES,Optical,Yes,Mean Hydrodynamic size (nm),509000
"30.Niikura et al., 2013",10.1021/nn3057005,Au,Metal,spherical,20,19,-21.7536,PSS-MA,other,24,8.30E-07,0.1516472,RPMI 1640,RPMI 1640,37,10,0,0,BMDC,primary,mouse,bone marrow,fibroblast,ICP-AES,Optical,No,No,73500
"30.Niikura et al., 2013",10.1021/nn3057005,Au,Metal,spherical,40,43,-46.0664,PSS-MA,other,24,8.30E-07,0.1516472,RPMI 1640,RPMI 1640,37,10,0,0,BMDC,primary,mouse,bone marrow,fibroblast,ICP-AES,Optical,No,No,57400
"30.Niikura et al., 2013",10.1021/nn3057005,Au,Metal,other,38.68050007,41,-43.5071,PSS-MA,other,24,8.30E-07,0.1516472,RPMI 1640,RPMI 1640,37,10,0,0,BMDC,primary,mouse,bone marrow,fibroblast,ICP-AES,Optical,Yes,Nominal Size (nm),19900
"30.Niikura et al., 2013",10.1021/nn3057005,Au,Metal,rod,23,34.43687347,-64.4076,PSS-MA,other,24,8.30E-07,0.1516472,RPMI 1640,RPMI 1640,37,10,0,0,BMDC,primary,mouse,bone marrow,fibroblast,ICP-AES,Optical,Yes,Mean Hydrodynamic size (nm),215000
"30.Niikura et al., 2013",10.1021/nn3057005,Au,Metal,spherical,20,19,-24,PSS-MA-WNVE,other,24,8.30E-07,0.1516472,RPMI 1640,RPMI 1640,37,10,0,0,BMDC,primary,mouse,bone marrow,fibroblast,ICP-AES,Optical,No,No,71300
"30.Niikura et al., 2013",10.1021/nn3057005,Au,Metal,spherical,40,43,-23,PSS-MA-WNVE,other,24,8.30E-07,0.1516472,RPMI 1640,RPMI 1640,37,10,0,0,BMDC,primary,mouse,bone marrow,fibroblast,ICP-AES,Optical,No,No,41900
"30.Niikura et al., 2013",10.1021/nn3057005,Au,Metal,other,69.34792402,41,-11,PSS-MA-WNVE,other,24,8.30E-07,0.1516472,RPMI 1640,RPMI 1640,37,10,0,0,BMDC,primary,mouse,bone marrow,fibroblast,ICP-AES,Optical,Yes,Nominal Size (nm),11800
"30.Niikura et al., 2013",10.1021/nn3057005,Au,Metal,rod,23,29.15049737,-9.9,PSS-MA-WNVE,other,24,8.30E-07,0.1516472,RPMI 1640,RPMI 1640,37,10,0,0,BMDC,primary,mouse,bone marrow,fibroblast,ICP-AES,Optical,Yes,Mean Hydrodynamic size (nm),249000
"31.Ricketts et al., 2014",10.1002/smll.201400194,Au,Metal,spherical,2.2,37.00883131,-48.9093,No,No,24,15432.46409,0.1684829,DMEM,DMEM,37,10,1,0,HT29,cancer,human,colon,epithelial,XRF,Optical,Yes,Mean Hydrodynamic size (nm)-Zeta Potential (mV),13754276.21
"31.Ricketts et al., 2014",10.1002/smll.201400194,Au,Metal,spherical,2.2,37.30465274,-49.61365,No,No,24,30864.92818,0.1684829,DMEM,DMEM,37,10,1,0,HT29,cancer,human,colon,epithelial,XRF,Optical,Yes,Mean Hydrodynamic size (nm)-Zeta Potential (mV),34199821.94
"31.Ricketts et al., 2014",10.1002/smll.201400194,Au,Metal,spherical,2.2,37.30465274,-49.88215,No,No,24,61729.85635,0.1684829,DMEM,DMEM,37,10,1,0,HT29,cancer,human,colon,epithelial,XRF,Optical,Yes,Mean Hydrodynamic size (nm)-Zeta Potential (mV),129178675.3
"31.Ricketts et al., 2014",10.1002/smll.201400194,Au,Metal,spherical,2.2,36.90958131,-49.94775,No,No,24,7716.232044,0.1684829,DMEM,DMEM,37,10,1,0,3T3,immortalized,mouse,embryo,fibroblast,XRF,Optical,Yes,Mean Hydrodynamic size (nm)-Zeta Potential (mV),30854187.18
"31.Ricketts et al., 2014",10.1002/smll.201400194,Au,Metal,spherical,2.2,36.90958131,-49.61365,No,No,24,15432.46409,0.1684829,DMEM,DMEM,37,10,1,0,3T3,immortalized,mouse,embryo,fibroblast,XRF,Optical,Yes,Mean Hydrodynamic size (nm)-Zeta Potential (mV),41913368.73
"31.Ricketts et al., 2014",10.1002/smll.201400194,Au,Metal,spherical,2.2,37.30465274,-49.5926,No,No,24,30864.92818,0.1684829,DMEM,DMEM,37,10,1,0,3T3,immortalized,mouse,embryo,fibroblast,XRF,Optical,Yes,Mean Hydrodynamic size (nm)-Zeta Potential (mV),88566386.7
"31.Ricketts et al., 2014",10.1002/smll.201400194,Au,Metal,spherical,2.2,37.30465274,-49.88215,No,No,24,61729.85635,0.1684829,DMEM,DMEM,37,10,1,0,3T3,immortalized,mouse,embryo,fibroblast,XRF,Optical,Yes,Mean Hydrodynamic size (nm)-Zeta Potential (mV),142189477.1
"32.Jain et al., 2014",10.1016/j.radonc.2013.12.013,Au,Metal,spherical,1.9,17.03453605,-20.06836342,No,No,24,12000,0.1516472,RPMI 1640,RPMI 1640,37,10,1,0,DU145,cancer,human,brain,epithelial,ICP-MS,MS,Yes,Mean Hydrodynamic size (nm)-Zeta Potential (mV),46900000
"32.Jain et al., 2014",10.1016/j.radonc.2013.12.013,Au,Metal,spherical,1.9,36.90958131,-49.94775,No,No,24,12000,0.1684829,DMEM,DMEM,37,10,1,0,MDA-MB-234,cancer,human,breast,epithelial,ICP-MS,MS,Yes,Mean Hydrodynamic size (nm)-Zeta Potential (mV),69800000
"32.Jain et al., 2014",10.1016/j.radonc.2013.12.013,Au,Metal,spherical,1.9,36.42651526,-45.79611667,No,No,24,12000,0.1575791,MEM,MEM,37,10,1,0,L132,cancer,human,uterus,epithelial,ICP-MS,MS,Yes,Mean Hydrodynamic size (nm)-Zeta Potential (mV),55200000
"32.Jain et al., 2014",10.1016/j.radonc.2013.12.013,Au,Metal,spherical,1.9,36.42651526,-46.08566667,No,No,24,12000,0.1575791,RPMI 1640,RPMI 1640,37,10,1,0,DU145,cancer,human,brain,epithelial,ICP-MS,MS,Yes,Mean Hydrodynamic size (nm)-Zeta Potential (mV),160000000
"32.Jain et al., 2014",10.1016/j.radonc.2013.12.013,Au,Metal,spherical,1.9,36.90958131,-50.21625,No,No,24,12000,0.1684829,DMEM,DMEM,37,10,1,0,MDA-MB-232,cancer,human,breast,epithelial,ICP-MS,MS,Yes,Mean Hydrodynamic size (nm)-Zeta Potential (mV),132000000
"32.Jain et al., 2014",10.1016/j.radonc.2013.12.013,Au,Metal,spherical,1.9,36.42651526,-45.73401667,No,No,24,12000,0.1575791,MEM,MEM,37,10,1,0,L132,cancer,human,uterus,epithelial,ICP-MS,MS,Yes,Mean Hydrodynamic size (nm)-Zeta Potential (mV),100000000
"32.Jain et al., 2014",10.1016/j.radonc.2013.12.013,Au,Metal,spherical,1.9,36.90958131,-50.21625,No,No,24,12000,0.1684829,DMEM,DMEM,37,10,1,0,MDA-MB-232,cancer,human,breast,epithelial,ICP-MS,MS,Yes,Mean Hydrodynamic size (nm)-Zeta Potential (mV),114000000
"33.Gu et al., 2009",10.1016/j.taap.2009.03.009,Au,Metal,spherical,3.7,21.75665153,-5.878186857,MPA-PEG,other,24,100000,0.1684829,DMEM,DMEM,37,10,0,0,HeLa,cancer,human,uterus,epithelial,ICP-MS,MS,Yes,Mean Hydrodynamic size (nm)-Zeta Potential (mV),3300000
"35.Yen et al., 2009",10.1002/smll.200900126,Au,Metal,spherical,2.81,67.6007762,-56.64,No,No,24,7.406011086,0.1684829,DMEM,DMEM,37,10,1,0,J774 A1,cancer,mouse,ascites,macrophage,UV-vis,Optical,Yes,Mean Hydrodynamic size (nm),15386654.57
"35.Yen et al., 2009",10.1002/smll.200900126,Au,Metal,spherical,5.52,59.69106384,-60.85,No,No,24,0.976980925,0.1684829,DMEM,DMEM,37,10,1,0,J774 A1,cancer,mouse,ascites,macrophage,UV-vis,Optical,Yes,Mean Hydrodynamic size (nm),4859671.16
"35.Yen et al., 2009",10.1002/smll.200900126,Au,Metal,spherical,38.05,52.97696882,-78.81,No,No,24,0.002982904,0.1684829,DMEM,DMEM,37,10,1,0,J774 A1,cancer,mouse,ascites,macrophage,UV-vis,Optical,Yes,Mean Hydrodynamic size (nm),9484.490544
"35.Yen et al., 2009",10.1002/smll.200900126,Au,Metal,spherical,2.81,36.91076509,-56.64,No,No,24,74.06011086,0.1684829,DMEM,DMEM,37,10,1,0,J774 A1,cancer,mouse,ascites,macrophage,UV-vis,Optical,Yes,Mean Hydrodynamic size (nm),126215166.5
"35.Yen et al., 2009",10.1002/smll.200900126,Au,Metal,spherical,5.52,51.56186165,-60.85,No,No,24,9.769809247,0.1684829,DMEM,DMEM,37,10,1,0,J774 A1,cancer,mouse,ascites,macrophage,UV-vis,Optical,Yes,Mean Hydrodynamic size (nm),39242138.79
"35.Yen et al., 2009",10.1002/smll.200900126,Au,Metal,spherical,38.05,51.80594608,-78.81,No,No,24,0.029829044,0.1684829,DMEM,DMEM,37,10,1,0,J774 A1,cancer,mouse,ascites,macrophage,UV-vis,Optical,Yes,Mean Hydrodynamic size (nm),144961.8157
"35.Yen et al., 2009",10.1002/smll.200900126,Ag,Metal,spherical,3.08,38.36362731,13.69,No,No,24,10.33660257,0.1684829,DMEM,DMEM,37,10,1,0,J774 A1,cancer,mouse,ascites,macrophage,UV-vis,Optical,Yes,Mean Hydrodynamic size (nm),6847172.275
"35.Yen et al., 2009",10.1002/smll.200900126,Ag,Metal,spherical,5.75,40.49921849,15.43,No,No,24,1.588643441,0.1684829,DMEM,DMEM,37,10,1,0,J774 A1,cancer,mouse,ascites,macrophage,UV-vis,Optical,Yes,Mean Hydrodynamic size (nm),1463722.052
"35.Yen et al., 2009",10.1002/smll.200900126,Ag,Metal,spherical,24.85,33.64667421,5.35,No,No,24,0.019681164,0.1684829,DMEM,DMEM,37,10,1,0,J774 A1,cancer,mouse,ascites,macrophage,UV-vis,Optical,Yes,Mean Hydrodynamic size (nm),5795.626628
"35.Yen et al., 2009",10.1002/smll.200900126,Ag,Metal,spherical,3.08,20.47239624,13.69,No,No,24,103.3660257,0.1684829,DMEM,DMEM,37,10,1,0,J774 A1,cancer,mouse,ascites,macrophage,UV-vis,Optical,Yes,Mean Hydrodynamic size (nm),17989388.98
"35.Yen et al., 2009",10.1002/smll.200900126,Ag,Metal,spherical,5.75,32.52437611,15.43,No,No,24,15.88643441,0.1684829,DMEM,DMEM,37,10,1,0,J774 A1,cancer,mouse,ascites,macrophage,UV-vis,Optical,Yes,Mean Hydrodynamic size (nm),9203271.99
"35.Yen et al., 2009",10.1002/smll.200900126,Ag,Metal,spherical,24.85,43.38381348,5.35,No,No,24,0.196811644,0.1684829,DMEM,DMEM,37,10,1,0,J774 A1,cancer,mouse,ascites,macrophage,UV-vis,Optical,Yes,Mean Hydrodynamic size (nm),91260.3784
"36.Coulter et al., 2012",10.2147/IJN.S31751,Au,Metal,spherical,2.2,36.90958131,-49.94775,No,No,24,2400,0.1684829,DMEM,DMEM,37,10,1,0,MDA-MB-231,cancer,human,breast,epithelial,ICP-AES,Optical,Yes,Mean Hydrodynamic size (nm)-Zeta Potential (mV),74200000
"36.Coulter et al., 2012",10.2147/IJN.S31751,Au,Metal,spherical,2.2,36.90958131,-50.21625,No,No,24,12000,0.1684829,DMEM,DMEM,37,10,1,0,MDA-MB-231,cancer,human,breast,epithelial,ICP-AES,Optical,Yes,Mean Hydrodynamic size (nm)-Zeta Potential (mV),129000000
"36.Coulter et al., 2012",10.2147/IJN.S31751,Au,Metal,spherical,2.2,17.03453605,-20.00626342,No,No,24,2400,0.1516472,RPMI 1640,RPMI 1640,37,10,1,0,DU145,cancer,human,brain,epithelial,ICP-AES,Optical,Yes,Mean Hydrodynamic size (nm)-Zeta Potential (mV),101000000
"36.Coulter et al., 2012",10.2147/IJN.S31751,Au,Metal,spherical,2.2,17.03453605,-20.35791342,No,No,24,12000,0.1516472,RPMI 1640,RPMI 1640,37,10,1,0,DU145,cancer,human,brain,epithelial,ICP-AES,Optical,Yes,Mean Hydrodynamic size (nm)-Zeta Potential (mV),160000000
"36.Coulter et al., 2012",10.2147/IJN.S31751,Au,Metal,spherical,2.2,36.42651526,-45.79611667,No,No,24,2400,0.1575791,MEM,MEM,37,10,1,0,L132,cancer,human,uterus,epithelial,ICP-AES,Optical,Yes,Mean Hydrodynamic size (nm)-Zeta Potential (mV),57300000
"36.Coulter et al., 2012",10.2147/IJN.S31751,Au,Metal,spherical,2.2,36.42651526,-45.73401667,No,No,24,12000,0.1575791,MEM,MEM,37,10,1,0,L132,cancer,human,uterus,epithelial,ICP-AES,Optical,Yes,Mean Hydrodynamic size (nm)-Zeta Potential (mV),101000000
"37.Hsiao et al., 2016",10.1186/s12951-016-0203-z,TiO2,Metal,spherical,35,128,-23.22351155,alkali,other,24,0.000737695,0.1575791,MEM,MEM,37,10,0,1,Neuro-2a,cancer,mouse,peripheral nervous system,neural,SP-ICP-MS,MS,Yes,Zeta Potential (mV),53.8
"37.Hsiao et al., 2016",10.1186/s12951-016-0203-z,TiO2,Metal,spherical,35,128,-21.34952478,alkali,other,24,0.003688475,0.1575791,MEM,MEM,37,10,0,1,Neuro-2a,cancer,mouse,peripheral nervous system,neural,SP-ICP-MS,MS,Yes,Zeta Potential (mV),124
"37.Hsiao et al., 2016",10.1186/s12951-016-0203-z,Ag,Metal,spherical,47,57,-24.64251255,citrate,carboxyl,24,0.003261635,0.1575791,MEM,MEM,37,10,0,1,Neuro-2a,cancer,mouse,peripheral nervous system,neural,SP-ICP-MS,MS,Yes,Zeta Potential (mV),728
"37.Hsiao et al., 2016",10.1186/s12951-016-0203-z,Ag,Metal,spherical,47,57,-24.30142222,citrate,carboxyl,24,0.016308176,0.1575791,MEM,MEM,37,10,0,1,Neuro-2a,cancer,mouse,peripheral nervous system,neural,SP-ICP-MS,MS,Yes,Zeta Potential (mV),860
"37.Hsiao et al., 2016",10.1186/s12951-016-0203-z,Ag,Metal,spherical,74,71,-23.89281121,citrate,carboxyl,24,0.00168766,0.1575791,MEM,MEM,37,10,0,1,Neuro-2a,cancer,mouse,peripheral nervous system,neural,SP-ICP-MS,MS,Yes,Zeta Potential (mV),438
"37.Hsiao et al., 2016",10.1186/s12951-016-0203-z,Ag,Metal,spherical,74,71,-24.85396854,citrate,carboxyl,24,0.008438299,0.1575791,MEM,MEM,37,10,0,1,Neuro-2a,cancer,mouse,peripheral nervous system,neural,SP-ICP-MS,MS,Yes,Zeta Potential (mV),665
"39.Milic et al., 2014",10.1002/jat.3081,Ag,Metal,spherical,48.99852374,52.8576,-39.8,No,No,24,0.000204507,0.1516472,RPMI 1640,RPMI 1640,37,10,1,1,Pk15,immortalized,other,kidney,epithelial,ICP-MS,MS,Yes,Nominal Size (nm),459.3642897
"39.Milic et al., 2014",10.1002/jat.3081,Ag,Metal,spherical,48.99852374,52.8576,-39.8,No,No,24,0.001022534,0.1516472,RPMI 1640,RPMI 1640,37,10,1,1,Pk15,immortalized,other,kidney,epithelial,ICP-MS,MS,Yes,Nominal Size (nm),918.7285793
"39.Milic et al., 2014",10.1002/jat.3081,Ag,Metal,spherical,48.99852374,52.8576,-39.8,No,No,24,0.002045068,0.1516472,RPMI 1640,RPMI 1640,37,10,1,1,Pk15,immortalized,other,kidney,epithelial,ICP-MS,MS,Yes,Nominal Size (nm),1834.994079
"39.Milic et al., 2014",10.1002/jat.3081,Ag,Metal,spherical,45.15422119,52.8576,-39.8,No,No,24,0.006135203,0.1516472,RPMI 1640,RPMI 1640,37,10,1,1,Pk15,immortalized,other,kidney,epithelial,ICP-MS,MS,Yes,Nominal Size (nm),5972.967305
"39.Milic et al., 2014",10.1002/jat.3081,Ag,Metal,spherical,45.87231313,52.8576,-39.8,No,No,24,0.014315473,0.1516472,RPMI 1640,RPMI 1640,37,10,1,1,Pk15,immortalized,other,kidney,epithelial,ICP-MS,MS,Yes,Nominal Size (nm),23645.56129
"39.Milic et al., 2014",10.1002/jat.3081,Ag,Metal,spherical,37.81552295,52.8576,-39.8,No,No,24,0.020450675,0.1516472,RPMI 1640,RPMI 1640,37,10,1,1,Pk15,immortalized,other,kidney,epithelial,ICP-MS,MS,Yes,Nominal Size (nm),57882.36358
"39.Milic et al., 2014",10.1002/jat.3081,Ag,Metal,spherical,36.93556867,52.8576,-39.8,No,No,24,0.102253375,0.1516472,RPMI 1640,RPMI 1640,37,10,1,1,Pk15,immortalized,other,kidney,epithelial,ICP-MS,MS,Yes,Nominal Size (nm),257391.787
"39.Milic et al., 2014",10.1002/jat.3081,Ag,Metal,spherical,29.06118576,52.8576,-39.8,No,No,24,0.20450675,0.1516472,RPMI 1640,RPMI 1640,37,10,1,1,Pk15,immortalized,other,kidney,epithelial,ICP-MS,MS,Yes,Nominal Size (nm),293106.4368
"39.Milic et al., 2014",10.1002/jat.3081,Ag,Metal,spherical,288.5247118,343.5515,-18.8,No,No,24,7.45E-07,0.1516472,RPMI 1640,RPMI 1640,37,10,1,1,Pk15,immortalized,other,kidney,epithelial,ICP-MS,MS,Yes,Nominal Size (nm),1.67303106
"39.Milic et al., 2014",10.1002/jat.3081,Ag,Metal,spherical,289.7703067,343.5515,-18.8,No,No,24,3.72E-06,0.1516472,RPMI 1640,RPMI 1640,37,10,1,1,Pk15,immortalized,other,kidney,epithelial,ICP-MS,MS,Yes,Nominal Size (nm),3.34606212
"39.Milic et al., 2014",10.1002/jat.3081,Ag,Metal,spherical,289.7703067,343.5515,-18.8,No,No,24,7.45E-06,0.1516472,RPMI 1640,RPMI 1640,37,10,1,1,Pk15,immortalized,other,kidney,epithelial,ICP-MS,MS,Yes,Nominal Size (nm),6.683153564
"39.Milic et al., 2014",10.1002/jat.3081,Ag,Metal,spherical,289.1585817,343.5515,-18.8,No,No,24,2.23E-05,0.1516472,RPMI 1640,RPMI 1640,37,10,1,1,Pk15,immortalized,other,kidney,epithelial,ICP-MS,MS,Yes,Nominal Size (nm),21.75388912
"39.Milic et al., 2014",10.1002/jat.3081,Ag,Metal,spherical,283.0385817,343.5515,-18.8,No,No,24,5.21E-05,0.1516472,RPMI 1640,RPMI 1640,37,10,1,1,Pk15,immortalized,other,kidney,epithelial,ICP-MS,MS,Yes,Nominal Size (nm),86.11848888
"39.Milic et al., 2014",10.1002/jat.3081,Ag,Metal,spherical,283.1358865,343.5515,-18.8,No,No,24,7.45E-05,0.1516472,RPMI 1640,RPMI 1640,37,10,1,1,Pk15,immortalized,other,kidney,epithelial,ICP-MS,MS,Yes,Nominal Size (nm),210.8108842
"39.Milic et al., 2014",10.1002/jat.3081,Ag,Metal,spherical,283.7682348,343.5515,-18.8,No,No,24,0.000372413,0.1516472,RPMI 1640,RPMI 1640,37,10,1,1,Pk15,immortalized,other,kidney,epithelial,ICP-MS,MS,Yes,Nominal Size (nm),937.4356342
"39.Milic et al., 2014",10.1002/jat.3081,Ag,Metal,spherical,283.7682348,343.5515,-18.8,No,No,24,0.000744825,0.1516472,RPMI 1640,RPMI 1640,37,10,1,1,Pk15,immortalized,other,kidney,epithelial,ICP-MS,MS,Yes,Nominal Size (nm),1067.510435
"40.Oliver et al., 2018",10.1039/c7ja00395a,Ag,Metal,spherical,47,71.35082985,-25.76966934,citrate,carboxyl,24,0.000290895,0.1516472,RPMI 1640,RPMI 1640,37,10,1,1,THP-1 monocytes,cancer,human,peripheral blood,other,SC-ICP-MS,MS,Yes,Mean Hydrodynamic size (nm)-Zeta Potential (mV),1
"40.Oliver et al., 2018",10.1039/c7ja00395a,Ag,Metal,spherical,47,69.82757773,-25.80316934,citrate,carboxyl,24,0.000290895,0.1516472,RPMI 1640,RPMI 1640,37,10,1,1,THP-1 monocytes,cancer,human,peripheral blood,other,Digestion ICP-MS,MS,Yes,Mean Hydrodynamic size (nm)-Zeta Potential (mV),4
"40.Oliver et al., 2018",10.1039/c7ja00395a,Ag,Metal,spherical,47,69.82757773,-25.80316934,citrate,carboxyl,24,0.000290895,0.1516472,RPMI 1640,RPMI 1640,37,10,1,1,THP-1 macrophages,cancer,human,peripheral blood,other,SC-ICP-MS,MS,Yes,Mean Hydrodynamic size (nm)-Zeta Potential (mV),4.22
"40.Oliver et al., 2018",10.1039/c7ja00395a,Ag,Metal,spherical,47,64.31360632,-25.80316934,citrate,carboxyl,24,0.000290895,0.1516472,RPMI 1640,RPMI 1640,37,10,1,1,THP-1 macrophages,cancer,human,peripheral blood,other,Digestion ICP-MS,MS,Yes,Mean Hydrodynamic size (nm)-Zeta Potential (mV),7
"40.Oliver et al., 2018",10.1039/c7ja00395a,Ag,Metal,spherical,47,64.31360632,-28.19914243,citrate,carboxyl,24,0.002908951,0.1516472,RPMI 1640,RPMI 1640,37,10,1,1,THP-1 monocytes,cancer,human,peripheral blood,other,SC-ICP-MS,MS,Yes,Mean Hydrodynamic size (nm)-Zeta Potential (mV),7
"40.Oliver et al., 2018",10.1039/c7ja00395a,Ag,Metal,spherical,47,64.31360632,-28.19914243,citrate,carboxyl,24,0.002908951,0.1516472,RPMI 1640,RPMI 1640,37,10,1,1,THP-1 monocytes,cancer,human,peripheral blood,other,Digestion ICP-MS,MS,Yes,Mean Hydrodynamic size (nm)-Zeta Potential (mV),9
"40.Oliver et al., 2018",10.1039/c7ja00395a,Ag,Metal,spherical,47,59.50952054,-27.18632365,citrate,carboxyl,24,0.002908951,0.1516472,RPMI 1640,RPMI 1640,37,10,1,1,THP-1 macrophages,cancer,human,peripheral blood,other,SC-ICP-MS,MS,Yes,Mean Hydrodynamic size (nm)-Zeta Potential (mV),45.1
"40.Oliver et al., 2018",10.1039/c7ja00395a,Ag,Metal,spherical,47,58.51189374,-26.15863365,citrate,carboxyl,24,0.002908951,0.1516472,RPMI 1640,RPMI 1640,37,10,1,1,THP-1 macrophages,cancer,human,peripheral blood,other,Digestion ICP-MS,MS,Yes,Mean Hydrodynamic size (nm)-Zeta Potential (mV),158
"42.Ma et al., 2011 ",10.1021/nn202155y,Au,Metal,spherical,10,46.21257689,0.008289186,citrate,carboxyl,24,1,0.1684829,DMEM,DMEM,37,10,1,0,NRK,immortalized,rat,kidney,epithelial,ICP-MS,MS,Yes,Mean Hydrodynamic size (nm)-Zeta Potential (mV),10500
"42.Ma et al., 2011 ",10.1021/nn202155y,Au,Metal,spherical,25,50.0036981,-7.975548794,citrate,carboxyl,24,1,0.1684829,DMEM,DMEM,37,10,1,0,NRK,immortalized,rat,kidney,epithelial,ICP-MS,MS,Yes,Mean Hydrodynamic size (nm)-Zeta Potential (mV),19900
"42.Ma et al., 2011 ",10.1021/nn202155y,Au,Metal,spherical,50,58.22441852,-19.13370838,citrate,carboxyl,24,1,0.1684829,DMEM,DMEM,37,10,1,0,NRK,immortalized,rat,kidney,epithelial,ICP-MS,MS,Yes,Mean Hydrodynamic size (nm)-Zeta Potential (mV),31000
"43.Huang et al., 2012",10.1021/nn301282m,Au,Metal,spherical,2.6,67.69418325,-31.27322157,tiopronin,biological,24,1,0.1684829,DMEM,DMEM,37,10,0,0,MCF7,cancer,human,breast,epithelial,ICP-MS,MS,Yes,Mean Hydrodynamic size (nm)-Zeta Potential (mV),4070000
"43.Huang et al., 2012",10.1021/nn301282m,Au,Metal,spherical,6.1,45.03039478,-16.48011528,tiopronin,biological,24,1,0.1684829,DMEM,DMEM,37,10,0,0,MCF7,cancer,human,breast,epithelial,ICP-MS,MS,Yes,Mean Hydrodynamic size (nm)-Zeta Potential (mV),402000
"43.Huang et al., 2012",10.1021/nn301282m,Au,Metal,spherical,18.8,39.27851123,-18.13091983,tiopronin,biological,24,1,0.1684829,DMEM,DMEM,37,10,0,0,MCF7,cancer,human,breast,epithelial,ICP-MS,MS,Yes,Mean Hydrodynamic size (nm)-Zeta Potential (mV),314000
"44.Huo et al., 2013",10.1158/0008-5472,Au,Metal,spherical,50,50.7,-38.8,tiopronin,biological,24,1,0.1684829,DMEM,DMEM,37,10,0,0,MCF7,cancer,human,breast,epithelial,ICP-MS,MS,No,No,1230000
"44.Huo et al., 2013",10.1158/0008-5472,Au,Metal,spherical,100,102.6,-40,tiopronin,biological,24,1,0.1684829,DMEM,DMEM,37,10,0,0,MCF7,cancer,human,breast,epithelial,ICP-MS,MS,No,No,183000
"45.Oh et al., 2010",10.1021/nn100561e,SiO2,Silica,spherical,25,25.73731514,-3.710207897,FITC-TiO2,other,24,77.19248221,0.1516472,RPMI 1640,RPMI 1640,37,10,1,0,SK-BR-3,cancer,human,breast,epithelial,TEM,Microscopy,Yes,Mean Hydrodynamic size (nm)-Zeta Potential (mV),1040
"45.Oh et al., 2010",10.1021/nn100561e,SiO2,Silica,spherical,50,51.083232,-4.569727865,FITC-TiO2,other,24,9.649060276,0.1516472,RPMI 1640,RPMI 1640,37,10,1,0,SK-BR-3,cancer,human,breast,epithelial,TEM,Microscopy,Yes,Mean Hydrodynamic size (nm)-Zeta Potential (mV),596
"45.Oh et al., 2010",10.1021/nn100561e,SiO2,Silica,spherical,75,80.91169356,-7.929349485,FITC-TiO2,other,24,2.858980823,0.1516472,RPMI 1640,RPMI 1640,37,10,1,0,SK-BR-3,cancer,human,breast,epithelial,TEM,Microscopy,Yes,Mean Hydrodynamic size (nm)-Zeta Potential (mV),417
"45.Oh et al., 2010",10.1021/nn100561e,SiO2,Silica,spherical,100,158.4083,-8.749968259,FITC-TiO2,other,24,1.206132535,0.1516472,RPMI 1640,RPMI 1640,37,10,1,0,SK-BR-3,cancer,human,breast,epithelial,TEM,Microscopy,Yes,Mean Hydrodynamic size (nm)-Zeta Potential (mV),119
"45.Oh et al., 2010",10.1021/nn100561e,SiO2,Silica,spherical,125,161.6908,-9.590575309,FITC-TiO2,other,24,0.617539858,0.1516472,RPMI 1640,RPMI 1640,37,10,1,0,SK-BR-3,cancer,human,breast,epithelial,TEM,Microscopy,Yes,Mean Hydrodynamic size (nm)-Zeta Potential (mV),49.7
"45.Oh et al., 2010",10.1021/nn100561e,SiO2,Silica,spherical,25,25.03740781,-8.149427293,FITC-TiO2,other,24,77.19248221,0.1516472,RPMI 1640,RPMI 1640,37,10,1,0,J774 A1,cancer,mouse,ascites,macrophage,TEM,Microscopy,Yes,Mean Hydrodynamic size (nm)-Zeta Potential (mV),3530
"45.Oh et al., 2010",10.1021/nn100561e,SiO2,Silica,spherical,50,51,-5.81329053,FITC-TiO2,other,24,9.649060276,0.1516472,RPMI 1640,RPMI 1640,37,10,1,0,J774 A1,cancer,mouse,ascites,macrophage,TEM,Microscopy,Yes,Mean Hydrodynamic size (nm)-Zeta Potential (mV),1790
"45.Oh et al., 2010",10.1021/nn100561e,SiO2,Silica,spherical,75,81.46978693,-6.382683891,FITC-TiO2,other,24,2.858980823,0.1516472,RPMI 1640,RPMI 1640,37,10,1,0,J774 A1,cancer,mouse,ascites,macrophage,TEM,Microscopy,Yes,Mean Hydrodynamic size (nm)-Zeta Potential (mV),1040
"45.Oh et al., 2010",10.1021/nn100561e,SiO2,Silica,spherical,100,158.4083,-8.736718259,FITC-TiO2,other,24,1.206132535,0.1516472,RPMI 1640,RPMI 1640,37,10,1,0,J774 A1,cancer,mouse,ascites,macrophage,TEM,Microscopy,Yes,Mean Hydrodynamic size (nm)-Zeta Potential (mV),239
"45.Oh et al., 2010",10.1021/nn100561e,SiO2,Silica,spherical,125,161.6908,-9.075441411,FITC-TiO2,other,24,0.617539858,0.1516472,RPMI 1640,RPMI 1640,37,10,1,0,J774 A1,cancer,mouse,ascites,macrophage,TEM,Microscopy,Yes,Mean Hydrodynamic size (nm)-Zeta Potential (mV),109
"45.Oh et al., 2010",10.1021/nn100561e,SiO2,Silica,spherical,50,50.904232,-3.419851529,FITC-TiO2- 3-aminopropyltriethoxysilane ,other,24,9.649060276,0.1516472,RPMI 1640,RPMI 1640,37,10,1,0,SK-BR-3,cancer,human,breast,epithelial,TEM,Microscopy,Yes,Mean Hydrodynamic size (nm)-Zeta Potential (mV),802
"45.Oh et al., 2010",10.1021/nn100561e,SiO2,Silica,spherical,50,52.98386892,-5.735790457,FITC-TiO2-carboxylethylsilanetriol sodium,other,24,9.649060276,0.1516472,RPMI 1640,RPMI 1640,37,10,1,0,SK-BR-3,cancer,human,breast,epithelial,TEM,Microscopy,Yes,Mean Hydrodynamic size (nm)-Zeta Potential (mV),142
"45.Oh et al., 2010",10.1021/nn100561e,SiO2,Silica,spherical,50,50.8969175,-5.247617124,"FITC-TiO2-3-methacryloxypropyltrimethoxy
silane",other,24,9.649060276,0.1516472,RPMI 1640,RPMI 1640,37,10,1,0,SK-BR-3,cancer,human,breast,epithelial,TEM,Microscopy,Yes,Mean Hydrodynamic size (nm)-Zeta Potential (mV),425
"45.Oh et al., 2010",10.1021/nn100561e,SiO2,Silica,spherical,50,51,-5.337408613,FITC-TiO2-3-aminopropyltriethoxysilane ,other,24,9.649060276,0.1516472,RPMI 1640,RPMI 1640,37,10,1,0,J774 A1,cancer,mouse,ascites,macrophage,TEM,Microscopy,Yes,Mean Hydrodynamic size (nm)-Zeta Potential (mV),3750
"45.Oh et al., 2010",10.1021/nn100561e,SiO2,Silica,spherical,50,50.57904109,-3.598851529,FITC-TiO2-carboxylethylsilanetriol sodium,other,24,9.649060276,0.1516472,RPMI 1640,RPMI 1640,37,10,1,0,J774 A1,cancer,mouse,ascites,macrophage,TEM,Microscopy,Yes,Mean Hydrodynamic size (nm)-Zeta Potential (mV),1110
"45.Oh et al., 2010",10.1021/nn100561e,SiO2,Silica,spherical,50,51,-6.406327942,"FITC-TiO2-3-methacryloxypropyltrimethoxy
silane",other,24,9.649060276,0.1516472,RPMI 1640,RPMI 1640,37,10,1,0,J774 A1,cancer,mouse,ascites,macrophage,TEM,Microscopy,Yes,Mean Hydrodynamic size (nm)-Zeta Potential (mV),2210
"48.Ferrari et al., 2014",10.1016/j.colsurfb.2014.10.003,PMMA,Organic,spherical,35.50180594,58.4,-39.70045819,No,No,24,2.721862731,0.159128,DMEM/F12,DMEM/F12,37,10,0,0,4T1,cancer,mouse,breast,epithelial,Fluorescence Intensity,Optical,Yes,Nominal Size (nm)-Zeta Potential (mV),31500
"48.Ferrari et al., 2014",10.1016/j.colsurfb.2014.10.003,PMMA,Organic,spherical,39.86430594,71.7,-35.60564513,No,No,24,1.47077857,0.159128,DMEM/F12,DMEM/F12,37,10,0,0,4T1,cancer,mouse,breast,epithelial,Fluorescence Intensity,Optical,Yes,Nominal Size (nm)-Zeta Potential (mV),17500
"48.Ferrari et al., 2014",10.1016/j.colsurfb.2014.10.003,PMMA,Organic,spherical,96.39621464,102,-29.91398147,No,No,24,0.51086276,0.159128,DMEM/F12,DMEM/F12,37,10,0,0,4T1,cancer,mouse,breast,epithelial,Fluorescence Intensity,Optical,Yes,Nominal Size (nm)-Zeta Potential (mV),2320
"48.Ferrari et al., 2014",10.1016/j.colsurfb.2014.10.003,PMMA,Organic,spherical,93.55538607,152,-19.7938335,No,No,24,0.154373943,0.159128,DMEM/F12,DMEM/F12,37,10,0,0,4T1,cancer,mouse,breast,epithelial,Fluorescence Intensity,Optical,Yes,Nominal Size (nm)-Zeta Potential (mV),1180
"48.Ferrari et al., 2014",10.1016/j.colsurfb.2014.10.003,PMMA,Organic,spherical,96.16549908,174,-17.90169364,No,No,24,0.102909867,0.159128,DMEM/F12,DMEM/F12,37,10,0,0,4T1,cancer,mouse,breast,epithelial,Fluorescence Intensity,Optical,Yes,Nominal Size (nm)-Zeta Potential (mV),799
"48.Ferrari et al., 2014",10.1016/j.colsurfb.2014.10.003,PMMA,Organic,spherical,114.2807074,222,-45.60639271,No,No,24,0.049550249,0.159128,DMEM/F12,DMEM/F12,37,10,0,0,4T1,cancer,mouse,breast,epithelial,Fluorescence Intensity,Optical,Yes,Nominal Size (nm)-Zeta Potential (mV),349
"48.Ferrari et al., 2014",10.1016/j.colsurfb.2014.10.003,PCL,Organic,spherical,92.87004798,151,-20.25948281,No,No,24,0.160899351,0.159128,DMEM/F12,DMEM/F12,37,10,0,0,4T1,cancer,mouse,breast,epithelial,Fluorescence Intensity,Optical,Yes,Nominal Size (nm)-Zeta Potential (mV),28100
"48.Ferrari et al., 2014",10.1016/j.colsurfb.2014.10.003,PCL,Organic,spherical,96.01349908,187,-18.57574155,No,No,24,0.084715,0.159128,DMEM/F12,DMEM/F12,37,10,0,0,4T1,cancer,mouse,breast,epithelial,Fluorescence Intensity,Optical,Yes,Nominal Size (nm)-Zeta Potential (mV),11700
"48.Ferrari et al., 2014",10.1016/j.colsurfb.2014.10.003,PCL,Organic,spherical,202.1868573,274,-48.79375928,No,No,24,0.02692982,0.159128,DMEM/F12,DMEM/F12,37,10,0,0,4T1,cancer,mouse,breast,epithelial,Fluorescence Intensity,Optical,Yes,Nominal Size (nm)-Zeta Potential (mV),3420
"48.Ferrari et al., 2014",10.1016/j.colsurfb.2014.10.003,PCL,Organic,spherical,317.875,368,-41.77198527,No,No,24,0.011115824,0.159128,DMEM/F12,DMEM/F12,37,10,0,0,4T1,cancer,mouse,breast,epithelial,Fluorescence Intensity,Optical,Yes,Nominal Size (nm)-Zeta Potential (mV),1680
"49.Cho et al., 2009",10.1021/nl803487r,Au,Metal,spherical,16,17.7,-10,citrate,carboxyl,24,0.027,0.152246,McCoy's,other,37,10,1,0,SK-BR-3,cancer,human,breast,epithelial,ICP-MS,MS,Yes,Nominal Size (nm),1310
"49.Cho et al., 2009",10.1021/nl803487r,Au,Metal,spherical,16,17.7,-4,PVA,other,24,0.027,0.152246,McCoy's,other,37,10,1,0,SK-BR-3,cancer,human,breast,epithelial,ICP-MS,MS,Yes,Nominal Size (nm),617
"49.Cho et al., 2009",10.1021/nl803487r,Au,Metal,spherical,16,17.7,20,PAA,carboxyl,24,0.027,0.152246,McCoy's,other,37,10,1,0,SK-BR-3,cancer,human,breast,epithelial,ICP-MS,MS,Yes,Nominal Size (nm),5320
"51.Massich et al., 2010",10.1021/nn102228s,Au,Metal,spherical,15,17.19,-32.33,citrate,carboxyl,24,10,0.1300679,EMEM,other,37,10,0,1,HeLa,cancer,human,uterus,epithelial,ICP-MS,MS,No,No,535000
"51.Massich et al., 2010",10.1021/nn102228s,Au,Metal,spherical,15,74.25,-34.3,BSA,biological,24,10,0.1300679,EMEM,other,37,10,0,1,HeLa,cancer,human,uterus,epithelial,ICP-MS,MS,No,No,118000
"51.Massich et al., 2010",10.1021/nn102228s,Au,Metal,spherical,15,25.81,-30.73,ssDNA,biological,24,10,0.1300679,EMEM,other,37,10,0,1,HeLa,cancer,human,uterus,epithelial,ICP-MS,MS,No,No,1650000
"51.Massich et al., 2010",10.1021/nn102228s,Au,Metal,spherical,15,26.63,-28.33,dsDNA,biological,24,10,0.1300679,EMEM,other,37,10,0,1,HeLa,cancer,human,uterus,epithelial,ICP-MS,MS,No,No,690000
"51.Massich et al., 2010",10.1021/nn102228s,Au,Metal,spherical,15,27,-28.33,dsRNA,biological,24,10,0.1300679,EMEM,other,37,10,0,1,HeLa,cancer,human,uterus,epithelial,ICP-MS,MS,No,No,2240000
"55.Liu et al., 2023",10.1016/j.colcom.2023.100712,Au,Metal,rod,22.85,38.68601387,15.8,PEG,other,24,0.08,0.1684829,DMEM,DMEM,37,0,0,0,HeLa,cancer,human,uterus,epithelial,ICP-AES,Optical,Yes,Mean Hydrodynamic size (nm)-Temperature (oC),1170
"55.Liu et al., 2023",10.1016/j.colcom.2023.100712,Au,Metal,rod,24.4,41.09975052,16.1,PEG,other,24,0.08,0.1684829,DMEM,DMEM,37,0,0,0,HeLa,cancer,human,uterus,epithelial,ICP-AES,Optical,Yes,Mean Hydrodynamic size (nm)-Temperature (oC),1350
"55.Liu et al., 2023",10.1016/j.colcom.2023.100712,Au,Metal,rod,27.05,41.50941941,18.2,PEG,other,24,0.08,0.1684829,DMEM,DMEM,37,0,0,0,HeLa,cancer,human,uterus,epithelial,ICP-AES,Optical,Yes,Mean Hydrodynamic size (nm)-Temperature (oC),1480
"55.Liu et al., 2023",10.1016/j.colcom.2023.100712,Au,Metal,rod,28.9,42.7626646,19.1,PEG,other,24,0.08,0.1684829,DMEM,DMEM,37,0,0,0,HeLa,cancer,human,uterus,epithelial,ICP-AES,Optical,Yes,Mean Hydrodynamic size (nm)-Temperature (oC),1250
"55.Liu et al., 2023",10.1016/j.colcom.2023.100712,Au,Metal,rod,31.7,63.00563859,16.9,PEG,other,24,0.08,0.1684829,DMEM,DMEM,37,0,0,0,HeLa,cancer,human,uterus,epithelial,ICP-AES,Optical,Yes,Mean Hydrodynamic size (nm)-Temperature (oC),1130
"56.Liu et al., 2010",10.1016/j.biomaterials.2010.07.069,SiO2,Silica,spherical,20,33.69168267,-22.94001988,No,No,24,0,0.1603358,ECM,other,37,10,0,0,HUVEC,primary,human,umbilical vein,endothelial,ICP-MS,MS,Yes,Mean Hydrodynamic size (nm)-Zeta Potential (mV)-Temperature (oC)-FBS (%),0
"56.Liu et al., 2010",10.1016/j.biomaterials.2010.07.069,SiO2,Silica,spherical,20,33.69168267,-15.38919087,No,No,24,4.955422091,0.1603358,ECM,other,37,9.999427481,0,0,HUVEC,primary,human,umbilical vein,endothelial,ICP-MS,MS,Yes,Mean Hydrodynamic size (nm)-Zeta Potential (mV)-Temperature (oC)-FBS (%),1587570.557
"56.Liu et al., 2010",10.1016/j.biomaterials.2010.07.069,SiO2,Silica,spherical,20,33.69168267,-18.41826128,No,No,24,9.910844181,0.1603358,ECM,other,37,9.999427481,0,0,HUVEC,primary,human,umbilical vein,endothelial,ICP-MS,MS,Yes,Mean Hydrodynamic size (nm)-Zeta Potential (mV)-Temperature (oC)-FBS (%),4452359.533
"56.Liu et al., 2010",10.1016/j.biomaterials.2010.07.069,SiO2,Silica,spherical,20,33.69168267,-22.46639485,No,No,24,19.82168836,0.1603358,ECM,other,37,9.999427481,0,0,HUVEC,primary,human,umbilical vein,endothelial,ICP-MS,MS,Yes,Mean Hydrodynamic size (nm)-Zeta Potential (mV)-Temperature (oC)-FBS (%),5992183.607
"56.Liu et al., 2010",10.1016/j.biomaterials.2010.07.069,SiO2,Silica,spherical,20,33.69168267,-20.84974485,No,No,24,39.64337672,0.1603358,ECM,other,37,9.999427481,0,0,HUVEC,primary,human,umbilical vein,endothelial,ICP-MS,MS,Yes,Mean Hydrodynamic size (nm)-Zeta Potential (mV)-Temperature (oC)-FBS (%),14085212.46
"57.Wilhelm et al., 2002",10.1007/s00249-001-0200-4,Fe2O3,Metal,spherical,6.74,8.78,-15.35930073,DMSA,carboxyl,24,750000,0.1516472,RPMI 1640,RPMI 1640,37,10,1,0,RAW 264.7,cancer,mouse,ascites,macrophage,Magnetophoresis,Magnetic,Yes,Zeta Potential (mV)-Temperature (oC),6030000
"57.Wilhelm et al., 2002",10.1007/s00249-001-0200-4,Fe2O3,Metal,spherical,6.74,8.78,-15.35930073,DMSA,carboxyl,24,750000,0.1516472,RPMI 1640,RPMI 1640,37,10,1,0,RAW 264.7,cancer,mouse,ascites,macrophage,Ferromagnetic resonance,Magnetic,Yes,Zeta Potential (mV)-Temperature (oC),6180000
"58.Torrano et al., 2014",10.3762/bjnano.5.173,SiO2,Silica,spherical,310,340.1303475,-14.1,No,No,24,0.001911393,0.1684829,DMEM,DMEM,37,10,0,0,HeLa,cancer,human,uterus,epithelial,Confocal scanning microscopy,Optical,Yes,Mean Hydrodynamic size (nm),568
"58.Torrano et al., 2014",10.3762/bjnano.5.173,SiO2,Silica,spherical,310,335.125315,-14.1,No,No,24,0.001911393,0.1603358,ECGM,other,37,10,1,0,HUVEC,primary,human,umbilical vein,endothelial,Confocal scanning microscopy,Optical,Yes,Mean Hydrodynamic size (nm),258
"58.Torrano et al., 2014",10.3762/bjnano.5.173,CeO2,Metal,spherical,417,420,-11.3,No,No,24,6.07E-05,0.1743051,MCDB-131,other,37,10,0,0,HMEC-1,transformed,human,skin,endothelial,Confocal scanning microscopy,Optical,Yes,Mean Hydrodynamic size (nm),2070
"58.Torrano et al., 2014",10.3762/bjnano.5.173,CeO2,Metal,spherical,316,340.2368925,-12.3,No,No,24,0.000139594,0.1743051,MCDB-131,other,37,10,0,0,HMEC-1,transformed,human,skin,endothelial,Confocal scanning microscopy,Optical,Yes,Mean Hydrodynamic size (nm),2560
"59.Song et al., 2013",10.3892/ijo.2012.1721,Au,Metal,spherical,56.89,57.7547835,-46.71373384,No,No,24,0.004151445,0.1684829,DMEM,DMEM,37,10,1,0,HeLa,cancer,human,uterus,epithelial,ICP-MS,MS,Yes,Mean Hydrodynamic size (nm)-Zeta Potential (mV),41.8
"59.Song et al., 2013",10.3892/ijo.2012.1721,Au,Metal,spherical,83.71,147.0113808,-34.84664648,No,No,24,0.004151445,0.1684829,DMEM,DMEM,37,10,1,0,HeLa,cancer,human,uterus,epithelial,ICP-MS,MS,Yes,Mean Hydrodynamic size (nm)-Zeta Potential (mV),42
"59.Song et al., 2013",10.3892/ijo.2012.1721,Au,Metal,spherical,56.89,57.7547835,-47.95904293,No,No,24,0.004151445,0.1684829,DMEM,DMEM,37,10,1,0,MCF7,cancer,human,breast,epithelial,ICP-MS,MS,Yes,Mean Hydrodynamic size (nm)-Zeta Potential (mV),802
"59.Song et al., 2013",10.3892/ijo.2012.1721,Au,Metal,spherical,83.71,147.2315444,-35.27325557,No,No,24,0.004151445,0.1684829,DMEM,DMEM,37,10,1,0,MCF7,cancer,human,breast,epithelial,ICP-MS,MS,Yes,Mean Hydrodynamic size (nm)-Zeta Potential (mV),565
"60.Soenen et al., 2012",10.1021/nn301714n,Au,Metal,spherical,4,13.9,-27.6,PMA,carboxyl,24,10,0.1684829,DMEM,DMEM,37,10,1,0,C17.2,transformed,mouse,brain,neural,ICP-MS,MS,Yes,Temperature (oC),700000
"60.Soenen et al., 2012",10.1021/nn301714n,Au,Metal,spherical,4,13.9,-27.6,PMA,carboxyl,24,20,0.1684829,DMEM,DMEM,37,10,1,0,C17.2,transformed,mouse,brain,neural,ICP-MS,MS,Yes,Temperature (oC),1300000
"60.Soenen et al., 2012",10.1021/nn301714n,Au,Metal,spherical,4,13.9,-27.6,PMA,carboxyl,24,50,0.1684829,DMEM,DMEM,37,10,1,0,C17.2,transformed,mouse,brain,neural,ICP-MS,MS,Yes,Temperature (oC),2500000
"60.Soenen et al., 2012",10.1021/nn301714n,Au,Metal,spherical,4,13.9,-27.6,PMA,carboxyl,24,100,0.1684829,DMEM,DMEM,37,10,1,0,C17.2,transformed,mouse,brain,neural,ICP-MS,MS,Yes,Temperature (oC),4500000
"60.Soenen et al., 2012",10.1021/nn301714n,Au,Metal,spherical,4,13.9,-27.6,PMA,carboxyl,24,200,0.1684829,DMEM,DMEM,37,10,1,0,C17.2,transformed,mouse,brain,neural,ICP-MS,MS,Yes,Temperature (oC),7400000
"60.Soenen et al., 2012",10.1021/nn301714n,Au,Metal,spherical,4,13.9,-27.6,PMA,carboxyl,24,10,0.1684829,DMEM,DMEM,37,10,1,0,PC12,cancer,rat,adrenal gland,neural,ICP-MS,MS,Yes,Temperature (oC),500000
"60.Soenen et al., 2012",10.1021/nn301714n,Au,Metal,spherical,4,13.9,-27.6,PMA,carboxyl,24,20,0.1684829,DMEM,DMEM,37,10,1,0,PC12,cancer,rat,adrenal gland,neural,ICP-MS,MS,Yes,Temperature (oC),900000
"60.Soenen et al., 2012",10.1021/nn301714n,Au,Metal,spherical,4,13.9,-27.6,PMA,carboxyl,24,50,0.1684829,DMEM,DMEM,37,10,1,0,PC12,cancer,rat,adrenal gland,neural,ICP-MS,MS,Yes,Temperature (oC),1800000
"60.Soenen et al., 2012",10.1021/nn301714n,Au,Metal,spherical,4,13.9,-27.6,PMA,carboxyl,24,100,0.1684829,DMEM,DMEM,37,10,1,0,PC12,cancer,rat,adrenal gland,neural,ICP-MS,MS,Yes,Temperature (oC),3100000
"60.Soenen et al., 2012",10.1021/nn301714n,Au,Metal,spherical,4,13.9,-27.6,PMA,carboxyl,24,200,0.1684829,DMEM,DMEM,37,10,1,0,PC12,cancer,rat,adrenal gland,neural,ICP-MS,MS,Yes,Temperature (oC),5300000
"60.Soenen et al., 2012",10.1021/nn301714n,Au,Metal,spherical,4,13.9,-27.6,PMA,carboxyl,24,10,0.1603358,ECGM,other,37.0225,8.9125,0,0,HUVEC,primary,human,umbilical vein,endothelial,ICP-MS,MS,Yes,Temperature (oC)-FBS (%),600000
"60.Soenen et al., 2012",10.1021/nn301714n,Au,Metal,spherical,4,13.9,-27.6,PMA,carboxyl,24,20,0.1603358,ECGM,other,37.0225,8.9125,0,0,HUVEC,primary,human,umbilical vein,endothelial,ICP-MS,MS,Yes,Temperature (oC)-FBS (%),1100000
"60.Soenen et al., 2012",10.1021/nn301714n,Au,Metal,spherical,4,13.9,-27.6,PMA,carboxyl,24,50,0.1603358,ECGM,other,37.0225,8.9125,0,0,HUVEC,primary,human,umbilical vein,endothelial,ICP-MS,MS,Yes,Temperature (oC)-FBS (%),2100000
"60.Soenen et al., 2012",10.1021/nn301714n,Au,Metal,spherical,4,13.9,-27.6,PMA,carboxyl,24,100,0.1603358,ECGM,other,37.0225,8.9125,0,0,HUVEC,primary,human,umbilical vein,endothelial,ICP-MS,MS,Yes,Temperature (oC)-FBS (%),3800000
"60.Soenen et al., 2012",10.1021/nn301714n,Au,Metal,spherical,4,13.9,-27.6,PMA,carboxyl,24,200,0.1603358,ECGM,other,37.0225,8.9125,0,0,HUVEC,primary,human,umbilical vein,endothelial,ICP-MS,MS,Yes,Temperature (oC)-FBS (%),6200000
"61.Rezaeian et al., 2021",10.1007/s10103-021-03399-7,Au,Metal,spherical,7.2,33.74817822,-22.2,Curcumin,biological,24,14.08820967,0.1516472,RPMI 1640,RPMI 1640,37,10,1,0,CT26,cancer,mouse,colon,fibroblast,ICP-AES,Optical,Yes,Mean Hydrodynamic size (nm),2057350.567
"61.Rezaeian et al., 2021",10.1007/s10103-021-03399-7,Au,Metal,spherical,7.2,33.65274843,-22.2,Curcumin,biological,24,14.08820967,0.1516472,RPMI 1640,RPMI 1640,37,10,1,0,CT26,cancer,mouse,colon,fibroblast,ICP-AES,Optical,Yes,Mean Hydrodynamic size (nm),3897300.688
"61.Rezaeian et al., 2021",10.1007/s10103-021-03399-7,Au,Metal,spherical,7.2,34.25225778,-22.2,Curcumin,biological,24,14.08820967,0.1516472,RPMI 1640,RPMI 1640,37,10,1,0,CT26,cancer,mouse,colon,fibroblast,ICP-AES,Optical,Yes,Mean Hydrodynamic size (nm),6389452.148
"62.Yu et al., 2013",10.1021/es304346p,Ag,Metal,spherical,12.4,31.4,-19.14652786,PVP,other,24,0.097553089,0.1684829,DMEM,DMEM,37,10,0,0,HEPG2,cancer,human,liver,epithelial,ICP-MS,MS,Yes,Zeta Potential (mV),39830.10661
"63.Jiang et al., 2013",10.1016/j.toxlet.2013.07.011,Ag,Metal,spherical,15.9,38.7,-21.6,BSA,biological,24,0.005210712,0.1497732,F12K,other,37,5,1,0,CHO-K1,immortalized,other,ovary,epithelial,ICP-MS,MS,No,No,96.33324718
"63.Jiang et al., 2013",10.1016/j.toxlet.2013.07.011,Ag,Metal,spherical,15.9,38.7,-21.6,BSA,biological,24,0.01302678,0.1497732,F12K,other,37,5,1,0,CHO-K1,immortalized,other,ovary,epithelial,ICP-MS,MS,No,No,141.8326636
"63.Jiang et al., 2013",10.1016/j.toxlet.2013.07.011,Ag,Metal,spherical,15.9,38.7,-21.6,BSA,biological,24,0.02605356,0.1497732,F12K,other,37,5,1,0,CHO-K1,immortalized,other,ovary,epithelial,ICP-MS,MS,No,No,311.5925552
"63.Jiang et al., 2013",10.1016/j.toxlet.2013.07.011,Ag,Metal,spherical,15.9,38.7,-21.6,BSA,biological,24,0.05210712,0.1497732,F12K,other,37,5,1,0,CHO-K1,immortalized,other,ovary,epithelial,ICP-MS,MS,No,No,5710.961233
"63.Jiang et al., 2013",10.1016/j.toxlet.2013.07.011,Ag,Metal,spherical,15.9,38.7,-21.6,BSA,biological,24,0.078160681,0.1497732,F12K,other,37,5,1,0,CHO-K1,immortalized,other,ovary,epithelial,ICP-MS,MS,No,No,10982.61776
"64.Carnovale et al., 2019",10.1021/acsomega.8b03227,Au,Metal,spherical,15,20,-38.4,citrate,carboxyl,24,1000,0.1516472,RPMI 1640,RPMI 1640,37,0,0,0,PC3,cancer,mouse,colon,other,ICP-MS,MS,Yes,Nominal Size (nm),55600
"64.Carnovale et al., 2019",10.1021/acsomega.8b03227,Au,Metal,spherical,15,20,-38.4,citrate,carboxyl,24,1000,0.1516472,RPMI 1640,RPMI 1640,37,10,0,0,PC3,cancer,mouse,colon,other,ICP-MS,MS,Yes,Nominal Size (nm),12600
"64.Carnovale et al., 2019",10.1021/acsomega.8b03227,Au,Metal,spherical,13.41816374,21,-22.6,tyrosinase,biological,24,1000,0.1516472,RPMI 1640,RPMI 1640,37,0,0,0,PC3,cancer,mouse,colon,other,ICP-MS,MS,Yes,Nominal Size (nm),334000
"64.Carnovale et al., 2019",10.1021/acsomega.8b03227,Au,Metal,spherical,15,21,-22.6,tyrosinase,biological,24,1000,0.1516472,RPMI 1640,RPMI 1640,37,10,0,0,PC3,cancer,mouse,colon,other,ICP-MS,MS,Yes,Nominal Size (nm),97500
"64.Carnovale et al., 2019",10.1021/acsomega.8b03227,Au,Metal,spherical,13.56202631,21,-27.6,tryptophan,biological,24,1000,0.1516472,RPMI 1640,RPMI 1640,37,0,0,0,PC3,cancer,mouse,colon,other,ICP-MS,MS,Yes,Nominal Size (nm),355000
"64.Carnovale et al., 2019",10.1021/acsomega.8b03227,Au,Metal,spherical,15,21,-27.6,tryptophan,biological,24,1000,0.1516472,RPMI 1640,RPMI 1640,37,10,0,0,PC3,cancer,mouse,colon,other,ICP-MS,MS,Yes,Nominal Size (nm),53500
"64.Carnovale et al., 2019",10.1021/acsomega.8b03227,Au,Metal,spherical,25.40068983,27,21.9,CTAB/citrate,carboxyl,24,1000,0.1516472,RPMI 1640,RPMI 1640,37,0,0,0,PC3,cancer,mouse,colon,other,ICP-MS,MS,Yes,Nominal Size (nm),70200
"64.Carnovale et al., 2019",10.1021/acsomega.8b03227,Au,Metal,spherical,25.46227806,27,21.9,CTAB/citrate,carboxyl,24,1000,0.1516472,RPMI 1640,RPMI 1640,37,10,0,0,PC3,cancer,mouse,colon,other,ICP-MS,MS,Yes,Nominal Size (nm),31400
"64.Carnovale et al., 2019",10.1021/acsomega.8b03227,Au,Metal,spherical,33.10913248,80,44.9,CTAB,other,24,10000,0.1516472,RPMI 1640,RPMI 1640,37,0,0,0,PC3,cancer,mouse,colon,other,ICP-MS,MS,Yes,Nominal Size (nm),6200
"64.Carnovale et al., 2019",10.1021/acsomega.8b03227,Au,Metal,spherical,32.95609646,80,44.9,CTAB,other,24,10000,0.1516472,RPMI 1640,RPMI 1640,37,10,0,0,PC3,cancer,mouse,colon,other,ICP-MS,MS,Yes,Nominal Size (nm),2450
"65.Xie et al., 2017",10.1038/s41598-017-04229-z,Au,Metal,spherical,80,82.88,-3.87,PEG,other,24,0.005772768,0.1684829,DMEM,DMEM,37,10,1,0,RAW 264.7,cancer,mouse,ascites,macrophage,ICP-MS,MS,Yes,Nominal Size (nm),26.76797773
"68.Cho et al., 2013",10.1002/anie.201208096,Au,Metal,other,50,58.72748792,-28.75322447,c(RGDyK),other,24,0.005,0.1300679,EMEM,DMEM,37,10,1,0,U87-MG,cancer,human,brain,epithelial,UV-vis,Optical,Yes,Mean Hydrodynamic size (nm)-Zeta Potential (mV),1450
"68.Cho et al., 2013",10.1002/anie.201208096,Au,Metal,other,50,57.27435503,-30.80517611,c(RGDyK),other,24,0.01,0.1300679,EMEM,DMEM,37,10,1,0,U87-MG,cancer,human,brain,epithelial,UV-vis,Optical,Yes,Mean Hydrodynamic size (nm)-Zeta Potential (mV),2200
"68.Cho et al., 2013",10.1002/anie.201208096,Au,Metal,other,50,56.28295688,-18.36658287,c(RGDyK),other,24,0.025,0.1300679,EMEM,DMEM,37,10,1,0,U87-MG,cancer,human,brain,epithelial,UV-vis,Optical,Yes,Mean Hydrodynamic size (nm)-Zeta Potential (mV),3960
"69.Katoozi et al., 2020",10.1364/BOE.417321,Au,Metal,spherical,80,96.2000514,-3.436455463,CTAB,other,24,0.0076,0.1684829,DMEM,DMEM,37,1,1,0,HeLa,cancer,human,uterus,epithelial,Dark Field Microscopy,Microscopy,Yes,Mean Hydrodynamic size (nm)-Zeta Potential (mV),291
"71.Goncalves et al., 2021",10.1016/j.ejpb.2020.11.011,PLGA,Organic,spherical,99.24616607,139.6,-33.6,FITC,other,24,0.717382877,0.1575895,TCM-199,other,38.5,9.562481061,0,1,cumulus-oocyte,primary,human,ovary,other,Confocal scanning microscopy,Optical,Yes,Nominal Size (nm),556
"71.Goncalves et al., 2021",10.1016/j.ejpb.2020.11.011,PLGA,Organic,spherical,85,85.2,-25.2,FITC,other,24,3.155647444,0.1575895,TCM-199,other,38.5,9.575133235,0,1,cumulus-oocyte,primary,human,ovary,other,Confocal scanning microscopy,Optical,Yes,Nominal Size (nm),246
